Name,Term,ES,NES,NOM p-val,FDR q-val,FWER p-val,Tag %,Gene %,Lead_genes,source,library
prerank,Antigen processing and presentation,0.3904848155005552,2.038009510563525,0.0,0.0,0.0,27/72,14.73%,KIR3DL2;KIR2DL3;KIR2DS2;KIR2DL2;KLRC3;CALR;IFI30;IFNG;KLRD1;HLA-B;PDIA3;TAP1;HLA-DRA;KIR3DL1;HLA-C;HLA-DMA;HSPA6;KIR2DS4;HLA-DQB1;HSPA1L;KIR2DS5;RFXANK;PSME1;CD8A;PSME2;HSPA1B;CTSB,KEGG,KEGG_2021_Human
prerank,natural killer cell mediated cytotoxicity (GO:0042267),0.5383170345693921,2.5145161515232046,0.0,0.0,0.0,13/20,18.86%,GZMB;ULBP2;SLAMF7;TUBB4B;VAMP2;KIR3DL1;ULBP1;CLEC2A;KLRF2;VAMP7;TUBB;ULBP3;PLEKHM2,GOBP,GO_Biological_Process_2021
prerank,regulation of dendritic cell differentiation (GO:2001198),0.7683661553518708,2.482402679114939,0.0,0.0029789139140616546,0.01,6/11,5.51%,LGALS1;LILRB1;FCGR2B;LILRB2;HLA-B;LGALS9,GOBP,GO_Biological_Process_2021
prerank,regulation of natural killer cell chemotaxis (GO:2000501),0.9071383433620167,2.4174688673609213,0.0,0.009929713046872183,0.05,4/6,1.48%,CCL3;CCL5;XCL1;CCL4,GOBP,GO_Biological_Process_2021
prerank,negative regulation of interleukin-1 beta production (GO:0032691),0.5130766459578694,2.2872642267485945,0.0,0.01787348348436993,0.12,8/22,11.50%,GHSR;CARD16;CARD17;NLRP7;CX3CR1;GSTP1;GIT1;ZC3H12A,GOBP,GO_Biological_Process_2021
prerank,lymphocyte migration (GO:0072676),0.3814653903364406,2.239392044601315,0.0,0.01906504904999459,0.14,8/32,4.20%,CCL3;CCL5;XCL1;CCL4;TBX21;XCL2;CCL24;MYO1G,GOBP,GO_Biological_Process_2021
prerank,regulation of T cell activation via T cell receptor contact with antigen bound to MHC molecule on antigen presenting cell (GO:2001188),0.8455046755927672,2.2030704569742183,0.0,0.028387297298705177,0.23,5/6,12.84%,LILRB1;CD81;HAVCR2;LGALS9;LGALS3,GOBP,GO_Biological_Process_2021
prerank,peptide antigen assembly with MHC protein complex (GO:0002501),0.8148835283639877,2.16685445947331,0.0,0.03306594444608437,0.3,3/6,7.07%,CALR;HLA-DRA;HLA-DMA,GOBP,GO_Biological_Process_2021
prerank,positive regulation of lymphocyte chemotaxis (GO:0140131),0.5478123145422816,2.1186050882456615,0.0,0.05206623449794717,0.46,6/16,2.61%,CCL3;CCL5;XCL1;CCL4;S100A7;XCL2,GOBP,GO_Biological_Process_2021
prerank,negative regulation of interleukin-1 production (GO:0032692),0.4542807362023007,2.037768024265203,0.0,0.07979233698379433,0.69,8/26,11.50%,GHSR;CARD16;CARD17;NLRP7;CX3CR1;GSTP1;GIT1;ZC3H12A,GOBP,GO_Biological_Process_2021
prerank,positive regulation of dendritic cell differentiation (GO:2001200),0.8296266611331776,2.04920279504844,0.0,0.08436284204622604,0.67,4/5,16.77%,LGALS1;LGALS9;LGALS3;HMGB1,GOBP,GO_Biological_Process_2021
prerank,natural killer cell mediated immunity (GO:0002228),0.5418692313919942,1.9510682832535735,0.0,0.11100373953450796,0.89,8/18,12.33%,GZMB;ULBP2;SLAMF7;TUBB4B;KLRD1;KIR3DL1;ULBP1;CLEC2A,GOBP,GO_Biological_Process_2021
prerank,negative regulation of leukocyte mediated cytotoxicity (GO:0001911),0.511621290774229,1.9422346553169234,0.0,0.11260294595153054,0.91,6/14,6.71%,LILRB1;FCGR2B;KLRD1;ARRB2;LGALS9;CX3CR1,GOBP,GO_Biological_Process_2021
prerank,lymphocyte chemotaxis (GO:0048247),0.3816940875271791,1.9453479053785514,0.0,0.11365702318266004,0.89,16/35,14.92%,CCL3;CCL5;XCL1;CCL4;XCL2;CCL24;HSD3B7;GPR183;CXCL16;CCL22;CCL18;CH25H;CCL25;CXCL11;CCL1;ADAM8,GOBP,GO_Biological_Process_2021
prerank,negative regulation of interleukin-2 production (GO:0032703),0.4262810246817599,1.8592596149529204,0.0,0.17251797102304886,0.99,8/22,7.43%,XCL1;TBX21;NAV3;HAVCR2;ZFP36;GBP1;LAPTM5;HOMER3,GOBP,GO_Biological_Process_2021
prerank,regulation of leukocyte migration (GO:0002685),0.42880146225743676,1.8283548583272367,0.0,0.17707988266922056,1.0,7/17,5.84%,MADCAM1;RAC1;CD81;MIA3;RHOG;RAC2;TNFRSF18,GOBP,GO_Biological_Process_2021
prerank,negative regulation of T cell cytokine production (GO:0002725),0.6270189447950223,1.794223033355744,0.0,0.18258450820956354,1.0,2/8,1.64%,XCL1;TBX21,GOBP,GO_Biological_Process_2021
prerank,positive regulation of lymphocyte apoptotic process (GO:0070230),0.6565126968521996,1.8111068039981373,0.0,0.18469266267182255,1.0,3/6,7.69%,CCL5;PDCD1;PRELID1,GOBP,GO_Biological_Process_2021
prerank,chemokine-mediated signaling pathway (GO:0070098),0.28063586419844144,1.8172211955681459,0.0,0.1858842282374472,1.0,14/45,14.79%,CCL3;CCL5;XCL1;CCL4;XCL2;CCL24;CXCL2;CCL22;CIB1;FOXC1;CCL18;CCL25;CXCL11;CCL1,GOBP,GO_Biological_Process_2021
prerank,negative regulation of natural killer cell mediated cytotoxicity (GO:0045953),0.505781156947478,1.7898296533295608,0.0,0.18631752480676528,1.0,5/14,5.51%,LILRB1;KLRD1;HLA-B;ARRB2;LGALS9,GOBP,GO_Biological_Process_2021
prerank,antimicrobial humoral immune response mediated by antimicrobial peptide (GO:0061844),0.3223214268191313,1.7654788928506895,0.0,0.20768484330429843,1.0,15/37,19.31%,S100A7;GNLY;S100A12;CXCL2;RNASE6;GAPDH;ANG;PGLYRP4;HMGN2;CXCL11;DEFB1;CXCL3;PGLYRP1;F2;RNASE3,GOBP,GO_Biological_Process_2021
prerank,negative regulation of lymphocyte differentiation (GO:0045620),0.6858308910583354,1.7030650666792557,0.0,0.2333594135824478,1.0,3/5,14.24%,ID2;SFRP1;IFNL1,GOBP,GO_Biological_Process_2021
prerank,regulation of interleukin-1 beta production (GO:0032651),0.25790851784084556,1.684176608080629,0.0,0.23825169221948775,1.0,15/73,7.46%,CCL3;GHSR;F2R;CARD16;CARD17;IFNG;NLRP7;TYROBP;CASP1;ORM1;LGALS9;MYD88;CX3CR1;PYCARD;GSTP1,GOBP,GO_Biological_Process_2021
prerank,negative regulation of natural killer cell mediated immunity (GO:0002716),0.5274818916376075,1.6747420264535666,0.0,0.24481256166470325,1.0,4/10,5.51%,LILRB1;KLRD1;ARRB2;LGALS9,GOBP,GO_Biological_Process_2021
prerank,cellular response to chemokine (GO:1990869),0.2529509309213752,1.5992784662194857,0.0,0.28922546001980426,1.0,15/49,14.79%,CCL3;CCL5;XCL1;CCL4;XCL2;CCL24;CXCL2;RHOA;CCL22;FOXC1;ZC3H12A;CCL18;CCL25;CXCL11;CCL1,GOBP,GO_Biological_Process_2021
prerank,negative regulation of cytokine production involved in immune response (GO:0002719),0.3658675119540807,1.587786807830376,0.0,0.29477062444857705,1.0,3/16,2.56%,XCL1;LILRB1;TGFB1,GOBP,GO_Biological_Process_2021
prerank,neutrophil chemotaxis (GO:0030593),0.2764228402780302,1.5621051838010027,0.0,0.3046152256693332,1.0,12/59,7.72%,CCL3;CCL5;XCL1;CCL4;XCL2;S100A12;PPIA;CCL24;ITGB2;CXCL2;BSG;FCER1G,GOBP,GO_Biological_Process_2021
prerank,macrophage activation involved in immune response (GO:0002281),0.39875958040617443,1.555545696085199,0.0,0.31399020277151996,1.0,4/12,6.71%,IFNG;SBNO2;TYROBP;CX3CR1,GOBP,GO_Biological_Process_2021
prerank,SUMOylation Of Immune Response Proteins R-HSA-4755510,0.49596312979743495,1.7459501042552859,0.0,0.3181966425989509,0.82,8/11,17.18%,IKBKG;RELA;PIAS3;SUMO1;SUMO2;UBE2I;PIAS4;NFKB2,Reactome,Reactome_2022
prerank,leukocyte chemotaxis involved in inflammatory response (GO:0002232),0.5843987400407634,1.5428120888025505,0.0,0.32319175615573015,1.0,5/5,41.58%,SLAMF8;NINJ1;MDK;ALOX5;FFAR2,GOBP,GO_Biological_Process_2021
prerank,regulation of T-helper 2 cell cytokine production (GO:2000551),0.46333415216384777,1.5219416718867829,0.09523809523809523,0.3374052430662349,1.0,3/10,3.61%,XCL1;TBX21;CD81,GOBP,GO_Biological_Process_2021
prerank,monocyte chemotaxis (GO:0002548),0.33936050329348244,1.50673672329173,0.0,0.34643665519087385,1.0,13/33,14.79%,CCL3;CCL5;XCL1;CCL4;XCL2;S100A12;CCL24;CCL22;FOLR2;CCL18;LGALS3;CCL25;CCL1,GOBP,GO_Biological_Process_2021
prerank,Other Interleukin Signaling R-HSA-449836,0.3250913994202209,1.4721999273014177,0.2,0.34787367620013954,0.99,5/23,4.41%,STX1A;IL32;STXBP2;VAMP2;STX4,Reactome,Reactome_2022
prerank,Interleukin-10 Signaling R-HSA-6783783,0.330391912849992,1.6537975021755196,0.0,0.34921681780708985,0.91,12/44,11.35%,CCL3;CCL5;CCL4;IL1RN;TNFRSF1B;CXCL2;TIMP1;IL1R2;CCL22;TNFRSF1A;CSF1;IL1A,Reactome,Reactome_2022
prerank,antifungal innate immune response (GO:0061760),0.4363647596688496,1.4865015113250035,0.0,0.3696320992773544,1.0,10/10,56.39%,CLEC4E;CX3CR1;CLEC4D;BCL10;RNASE8;CLEC6A;CARD9;CLEC7A;RARRES2;PLCG2,GOBP,GO_Biological_Process_2021
prerank,Cytokines and Inflammatory Response WP530,0.3734850358644571,1.4743195366347788,0.0,0.3904365723562152,0.87,24/24,62.71%,IFNG;TGFB1;CXCL2;HLA-DRA;CSF1;IL1A;IL10;CXCL1;CSF2;HLA-DRB1;IL2;CD4;IL12B;IL1B;IL7;CSF3;IFNB1;IL11;IL15;PDGFA;IL13;IL4;IL5;IL6,WikiPath,WikiPathway_2021_Human
prerank,negative regulation of cytokinesis (GO:0032466),0.5827671402100063,1.4523453049236699,0.10526315789473684,0.3917981062208709,1.0,6/6,41.74%,AURKB;VPS4A;E2F8;CHMP4C;E2F7;ZFYVE19,GOBP,GO_Biological_Process_2021
prerank,neutrophil migration (GO:1990266),0.24033665987282582,1.4613934779137838,0.0,0.3920316543256829,1.0,11/64,6.14%,CCL3;CCL5;XCL1;CCL4;XCL2;S100A12;PPIA;CCL24;ITGB2;CXCL2;BSG,GOBP,GO_Biological_Process_2021
prerank,cellular response to interleukin-12 (GO:0071349),0.1903096157029515,1.4456747859047125,0.0,0.39395368752147325,1.0,10/45,9.60%,CFL1;ANXA2;IFNG;PPIA;IL12RB1;ARF1;CNN2;RAP1B;P4HB;PITPNA,GOBP,GO_Biological_Process_2021
prerank,interleukin-12-mediated signaling pathway (GO:0035722),0.20595305187247234,1.4567960182347517,0.0,0.3962443852245289,1.0,10/43,9.60%,CFL1;ANXA2;IFNG;PPIA;IL12RB1;ARF1;CNN2;RAP1B;P4HB;PITPNA,GOBP,GO_Biological_Process_2021
prerank,response to interleukin-6 (GO:0070741),0.4293368267828242,1.4164015153404128,0.08333333333333333,0.4135957486663545,1.0,6/10,15.98%,SBNO2;SELPLG;RELA;PTGIS;CHI3L1;CITED1,GOBP,GO_Biological_Process_2021
prerank,negative regulation of antigen receptor-mediated signaling pathway (GO:0050858),0.31051507171901477,1.4091905670735814,0.1111111111111111,0.4228684986578581,1.0,7/24,7.05%,PHPT1;FCGR2B;DGKZ;CD160;GPS2;GBP1;LAPTM5,GOBP,GO_Biological_Process_2021
prerank,negative regulation of tumor necrosis factor superfamily cytokine production (GO:1903556),0.23641987879820311,1.3813488562800211,0.0,0.444716504322967,1.0,8/38,7.84%,GHSR;LILRB1;SYT11;HAVCR2;ORM1;LGALS9;GSTP1;MC1R,GOBP,GO_Biological_Process_2021
prerank,immune response-inhibiting cell surface receptor signaling pathway (GO:0002767),0.44359269030308024,1.3645490488700547,0.058823529411764705,0.45720370753018275,1.0,2/7,2.82%,LILRB1;LILRB2,GOBP,GO_Biological_Process_2021
prerank,antigen processing and presentation of peptide antigen via MHC class I (GO:0002474),0.2503182260793217,1.3331131458927221,0.0,0.4945445054321905,1.0,8/32,7.72%,CALR;IFI30;HLA-B;BCAP31;PDIA3;TAP1;HLA-C;FCER1G,GOBP,GO_Biological_Process_2021
prerank,natural killer cell activation (GO:0030101),0.2340119268561461,1.327079015197792,0.0,0.5001277684943807,1.0,10/33,12.73%,ULBP2;SLAMF7;TOX;NCR1;CD244;CD2;NFIL3;ULBP1;PRDX1;BAG6,GOBP,GO_Biological_Process_2021
prerank,humoral immune response mediated by circulating immunoglobulin (GO:0002455),0.42785691895043276,1.3011895913204417,0.0,0.5304110305740951,1.0,2/9,3.61%,C1QC;CD81,GOBP,GO_Biological_Process_2021
prerank,regulation of interleukin-23 production (GO:0032667),0.45723113822203304,1.3015527562188145,0.13333333333333333,0.5326670442581497,1.0,3/8,6.45%,RAC1;IFNG;MYD88,GOBP,GO_Biological_Process_2021
prerank,positive regulation of leukocyte differentiation (GO:1902107),0.4446367659373158,1.292579204172985,0.09090909090909091,0.5408697866609165,1.0,4/8,16.77%,LGALS1;LGALS9;LGALS3;HMGB1,GOBP,GO_Biological_Process_2021
prerank,Natural killer cell mediated cytotoxicity,0.3156366880574214,1.0,1.0,0.5608693535825545,0.97,30/110,8.59%,KIR3DL2;GZMB;ULBP2;KIR2DL3;PRF1;FASLG;CD247;KIR2DS2;KIR2DL2;KLRC3;RAC1;IFNG;KLRD1;HLA-B;TYROBP;SH2D1B;ITGB2;NCR1;RAC2;SHC1;KIR3DL1;MAPK3;HLA-C;PIK3R2;FCER1G;FCGR3A;HRAS;CD244;MAP2K2;KIR2DS4,KEGG,KEGG_2021_Human
prerank,Mitotic Telophase/Cytokinesis R-HSA-68884,-0.5483285237844515,-1.458275071196331,0.06896551724137931,0.5626777757902583,1.0,8/12,26.49%,PMEPA1;KIF23;STAG2;SMC1A;KIF20A;PDS5A;NIPBL;SMC3,Reactome,Reactome_2022
prerank,negative regulation of humoral immune response mediated by circulating immunoglobulin (GO:0002924),-0.6355464830750337,-1.6134465356672891,0.011494252873563218,0.5896969453785124,1.0,3/10,1.83%,CR2;FOXJ1;SUSD4,GOBP,GO_Biological_Process_2021
prerank,lymphocyte mediated immunity (GO:0002449),0.3996189387451982,1.240622379258172,0.23076923076923078,0.5983639189040402,1.0,6/13,13.97%,CD70;KLRD1;MYO1G;BTN3A2;GNL1;CD8A,GOBP,GO_Biological_Process_2021
prerank,regulation of T-helper 1 cell cytokine production (GO:2000554),0.522684729192694,1.2412256026294086,0.19047619047619047,0.598602112052425,1.0,1/5,1.06%,XCL1,GOBP,GO_Biological_Process_2021
prerank,positive regulation of T-helper 1 cell cytokine production (GO:2000556),0.522684729192694,1.2412256026294086,0.19047619047619047,0.598602112052425,1.0,1/5,1.06%,XCL1,GOBP,GO_Biological_Process_2021
prerank,miRNAs involvement in the immune response in sepsis WP4329,0.26724212693518967,1.6150860676872782,0.0,0.605265827922078,0.55,9/36,9.47%,GZMB;CCL3;VCAM1;CCL4;IKBKG;MYD88;RELB;RELA;IRF7,WikiPath,WikiPathway_2021_Human
prerank,Interleukin-1 Processing R-HSA-448706,0.410582077176464,1.255460132029437,0.2,0.6174720443063394,1.0,4/9,17.18%,CASP1;RELA;IL1A;NFKB2,Reactome,Reactome_2022
prerank,neutrophil activation (GO:0042119),0.29652695460559536,1.2282499818841008,0.058823529411764705,0.6210384144802354,1.0,4/15,7.72%,CCL5;PRKCD;TYROBP;FCER1G,GOBP,GO_Biological_Process_2021
prerank,"antigen processing and presentation of endogenous peptide antigen via MHC class I via ER pathway, TAP-independent (GO:0002486)",0.551591344511332,1.2114745198358672,0.2857142857142857,0.628069312795969,1.0,2/5,6.93%,HLA-B;HLA-C,GOBP,GO_Biological_Process_2021
prerank,antigen processing and presentation of endogenous peptide antigen via MHC class I via ER pathway (GO:0002484),0.551591344511332,1.2114745198358672,0.2857142857142857,0.628069312795969,1.0,2/5,6.93%,HLA-B;HLA-C,GOBP,GO_Biological_Process_2021
prerank,cellular response to interleukin-18 (GO:0071351),0.48532954475260964,1.2140229761960921,0.125,0.6309489030568805,1.0,7/7,51.49%,PDGFB;AKT1;IL18;IL18RAP;ALOX5;IL18R1;IL18BP,GOBP,GO_Biological_Process_2021
prerank,interleukin-18-mediated signaling pathway (GO:0035655),0.48532954475260964,1.2140229761960921,0.125,0.6309489030568805,1.0,7/7,51.49%,PDGFB;AKT1;IL18;IL18RAP;ALOX5;IL18R1;IL18BP,GOBP,GO_Biological_Process_2021
prerank,positive regulation of monocyte chemotactic protein-1 production (GO:0071639),0.44319378044959973,1.2172163149908797,0.21052631578947367,0.6322871007761711,1.0,2/7,5.51%,TWIST1;LGALS9,GOBP,GO_Biological_Process_2021
prerank,positive regulation of interleukin-23 production (GO:0032747),0.4677127051532529,1.2045343635158123,0.2857142857142857,0.6376642247954726,1.0,2/6,6.45%,IFNG;MYD88,GOBP,GO_Biological_Process_2021
prerank,regulation of mast cell chemotaxis (GO:0060753),0.46847013773083807,1.1914404896020065,0.22727272727272727,0.6495879721128244,1.0,5/5,53.17%,VEGFC;RIN3;VEGFA;PGF;VEGFB,GOBP,GO_Biological_Process_2021
prerank,regulation of lymphocyte differentiation (GO:0045619),0.25451984949690937,1.196738703949662,0.09090909090909091,0.6499233610917053,1.0,6/19,11.34%,TBX21;ZFP36L1;SLAMF8;PRELID1;CD2;ZNF683,GOBP,GO_Biological_Process_2021
prerank,regulation of cytokine production involved in immune response (GO:0002718),0.28497110495083156,1.1886613357690352,0.25,0.651170772979155,1.0,6/21,8.26%,LILRB1;SLC7A5;TRPM4;TNFRSF1B;LAPTM5;TNFRSF14,GOBP,GO_Biological_Process_2021
prerank,positive regulation of interleukin-1 beta production (GO:0032731),0.19293298305234244,1.1870827894888387,0.0,0.6517681725559935,1.0,8/50,7.30%,CCL3;IFNG;TYROBP;CASP1;ORM1;LGALS9;MYD88;PYCARD,GOBP,GO_Biological_Process_2021
prerank,positive regulation of immune system process (GO:0002684),0.24945401345024415,1.1894563792428845,0.2222222222222222,0.6522213317754013,1.0,5/20,5.84%,MADCAM1;LILRB2;MIA3;LGALS9;TNFRSF18,GOBP,GO_Biological_Process_2021
prerank,regulation of lymphocyte migration (GO:2000401),-0.595465529405941,-1.5454043455372493,0.03488372093023256,0.6535916822506448,1.0,5/11,16.51%,CCR6;ADTRP;SLC8B1;GCSAM;WASL,GOBP,GO_Biological_Process_2021
prerank,regulation of natural killer cell mediated cytotoxicity (GO:0042269),0.2826186722823523,1.1816883777893947,0.2,0.661815374574031,1.0,8/26,11.01%,LILRB1;CD160;KLRD1;ARRB2;NCR1;LGALS9;LAMP1;CADM1,GOBP,GO_Biological_Process_2021
prerank,Antigen Activates B Cell Receptor Leading To Second Messenger Generation R-HSA-983695,-0.44662765307220703,-1.3759287572333738,0.010416666666666666,0.662907597703169,1.0,17/31,35.13%,BLNK;CD22;CD19;BLK;CD79B;CD79A;AHCYL1;ITPR1;SYK;SOS1;TRPC1;BTK;PIK3AP1;ITPR2;ITPR3;DAPP1;NCK1,Reactome,Reactome_2022
prerank,positive regulation of natural killer cell proliferation (GO:0032819),-0.8032075064143769,-1.5683053676561456,0.0,0.673985391925412,1.0,2/5,2.75%,IL23R;IL23A,GOBP,GO_Biological_Process_2021
prerank,positive regulation of dendritic cell chemotaxis (GO:2000510),-0.6578801980427935,-1.5838755501915116,0.011627906976744186,0.6788914307894719,1.0,2/8,0.27%,CCR7;CCR6,GOBP,GO_Biological_Process_2021
prerank,regulation of tumor necrosis factor superfamily cytokine production (GO:1903555),0.36789570842735664,1.1531519991496733,0.17647058823529413,0.6802219509477836,1.0,4/9,7.04%,ZFP36;MAPKAPK2;CX3CR1;PARK7,GOBP,GO_Biological_Process_2021
prerank,positive regulation of leukocyte mediated cytotoxicity (GO:0001912),0.23283378757865172,1.1484945348103404,0.25,0.6847169036648624,1.0,8/37,6.26%,XCL1;CD160;SPI1;KLRD1;HLA-B;TYROBP;IL12RB1;HLA-DRA,GOBP,GO_Biological_Process_2021
prerank,negative regulation of myeloid leukocyte mediated immunity (GO:0002887),0.45737572225586576,1.1386298312592402,0.2857142857142857,0.685606489017516,1.0,4/6,14.13%,SPI1;LGALS9;CX3CR1;CD300A,GOBP,GO_Biological_Process_2021
prerank,positive regulation of production of molecular mediator of immune response (GO:0002702),0.224607232710565,1.1475057617667794,0.0,0.6859607890543333,1.0,8/34,8.97%,XCL1;SLC7A5;STX4;LAPTM5;CLCF1;CD244;TNFRSF14;SASH3,GOBP,GO_Biological_Process_2021
prerank,positive regulation of monocyte differentiation (GO:0045657),0.367848758186087,1.144673606989598,0.23076923076923078,0.6883098572396571,1.0,10/10,63.24%,ZFP36L1;CTNNBIP1;CSF1;CD74;HLA-DRB1;ACIN1;CD4;DCSTAMP;FES;IL34,GOBP,GO_Biological_Process_2021
prerank,monocyte differentiation (GO:0030224),0.3074167962758899,1.1433415744784656,0.3076923076923077,0.6900527177519412,1.0,2/10,5.77%,MT1G;PDE1B,GOBP,GO_Biological_Process_2021
prerank,positive regulation of monocyte chemotaxis (GO:0090026),0.23825246146577478,1.1242591142165745,0.3333333333333333,0.6950466757478414,1.0,2/16,1.72%,CCL5;S100A7,GOBP,GO_Biological_Process_2021
prerank,regulation of dendritic cell chemotaxis (GO:2000508),-0.637444722298329,-1.535903599003797,0.011494252873563218,0.6953508188472127,1.0,2/8,0.27%,CCR7;CCR6,GOBP,GO_Biological_Process_2021
prerank,positive regulation of T-helper 2 cell cytokine production (GO:2000553),0.39316851607607917,1.1176646135280712,0.25,0.7015067008629298,1.0,2/8,3.61%,XCL1;CD81,GOBP,GO_Biological_Process_2021
prerank,Neutrophil Degranulation R-HSA-6798695,0.14449233036452264,1.0,1.0,0.7113003675246049,1.0,99/440,13.45%,CD63;FTH1;ATP6V0C;FRMPD3;CSTB;TUBB4B;S100A7;RAB5C;TRAPPC1;SERPINA1;ANXA2;CYB5R3;S100A11;GPR84;ARL8A;LILRB2;CDA;MMP9;SYNGR1;DYNLL1;PLAUR;TINAGL1;LPCAT1;HLA-B;CTSA;PRKCD;S100A12;CYBA;PPIA;ACAA1;TYROBP;S100P;RNASE1;ORM1;ITGB2;SRP14;RHOG;GAA;TNFRSF1B;CST3;FOLR3;TCN1;GMFG;RAB7A;CNN2;TCIRG1;VAMP8;HLA-C;RHOA;C5AR1;RAP1B;PYCARD;NDUFA2;GSTP1;RAB3A;FCER1G;GUSB;SERPINB6;CTSD;LILRA6;BST2;MCEMP1;HSPA6;RAB37;TNFAIP6;GYG1;PRKCSH;CTSZ;PRDX5;FGR;PTX3;TOM1;CD53;OSCAR;AGPAT2;DGAT1;RAB27A;LAMP1;ARSA;RNASE2;DYNLT1;COMMD3;OSTF1;MAN2B1;SIGLEC5;CD68;CHI3L1;KCNAB2;PTPRN2;PTPN6;LGALS3;PDAP1;SURF4;GRN;FCGR2A;STOM;TIMP2;ITGAL;DDOST,Reactome,Reactome_2022
prerank,Interleukin-1 Signaling R-HSA-9020702,0.10776849261128757,1.0,1.0,0.7113003675246049,1.0,100/111,68.07%,PSMB8;IKBKG;NFKBIB;IL1RN;S100A12;PSMA7;MYD88;UBB;IL1R2;RELA;RBX1;PSMC5;PSMC1;PSMB9;SAA2;IL1A;PSMA4;PSMB3;PSMD4;PSME1;UBA52;PSME2;PSMD9;PSMB2;TNIP2;HMGB1;NFKB2;SQSTM1;PSMB10;PSMF1;TOLLIP;NKIRAS2;PSMB1;PSMD8;PSMB6;PSMC3;PSMB4;PSMC4;UBC;AGER;PSMA6;CASP8;PSMD10;PSMD3;PSME3;NFKBIA;NLRX1;RIPK2;MAP3K3;PSMD13;SKP1;ALPK1;IKBIP;USP18;PSMD11;PSMD2;PSMD7;IL1B;PSMC6;PSMB7;PSMD5;IRAK3;NOD1;IRAK1;IL1RAP;UBE2N;TANK;NLRC5;PSMA5;IL1R1;TP53;TAB2;PSMA2;TAB3;PSMC2;NOD2;CHUK;IRAK2;CUL1;UBE2V1;MAP2K1;TIFA;TAB1;PSMB5;PSMA1;PELI3;PSMD12;PSMA3;PELI2;MAP3K8;PELI1;N4BP1;APP;PSMD6;IRAK4;IKBKB;PSME4;NKIRAS1;PSMD14;NFKB1,Reactome,Reactome_2022
prerank,Signaling By Interleukins R-HSA-449147,0.13475052202435198,1.0,1.0,0.7113003675246049,1.0,70/416,9.74%,MUC1;CCL3;CCL5;TWIST1;FASLG;IL22RA1;VCAM1;BATF;STX1A;CCL4;FSCN1;PSMB8;IL32;IKBKG;ANXA2;IFNG;STXBP2;TGFB1;NFKBIB;MAPK7;MMP9;JUN;IL1RN;IL2RG;VAMP2;S100A12;HAVCR2;PPIA;CASP1;COL1A2;IL12RB1;STX4;ITGB2;TNFRSF1B;CXCL2;LGALS9;SHC1;SOCS1;TIMP1;AURKAIP1;IL17C;PSMA7;MAPKAPK2;CNN2;MYD88;UBB;RNASEH2A;MAPK3;CEBPD;RAP1B;MMP1;CLCF1;VIM;PIK3R2;IL1R2;MAP2K7;P4HB;BIRC5;RELA;IL2RB;RBX1;PSMC5;PTPN12;PTPN7;PSMC1;SIGIRR;PITPNA;CCL22;PSMB9;MAP2K3,Reactome,Reactome_2022
prerank,Interleukin-4 And Interleukin-13 Signaling R-HSA-6785807,0.1958110159986976,1.0,1.0,0.7113003675246049,1.0,18/98,7.40%,MUC1;TWIST1;FASLG;VCAM1;BATF;FSCN1;TGFB1;MMP9;IL2RG;COL1A2;ITGB2;TNFRSF1B;SOCS1;TIMP1;RNASEH2A;CEBPD;MMP1;VIM,Reactome,Reactome_2022
prerank,Antigen processing-Cross Presentation R-HSA-1236975,0.20619440014769402,1.0,1.0,0.7113003675246049,1.0,29/98,14.61%,PSMB8;FCGR1A;CALR;IKBKG;HLA-B;CYBA;STX4;NCF1;PDIA3;PSMA7;MYD88;UBB;VAMP8;HLA-C;NDUFA2;CD207;PSMC5;PSMC1;SEC61B;PSMB9;PSMA4;PSMB3;PSMD4;PSME1;UBA52;LY96;PSME2;PSMD9;PSMB2,Reactome,Reactome_2022
prerank,Gene And Protein Expression By JAK-STAT Signaling After Interleukin-12 Stimulation R-HSA-8950505,0.18854253137859509,0.9948771203959426,0.3333333333333333,0.718340913002908,1.0,7/33,9.60%,ANXA2;IFNG;PPIA;AURKAIP1;CNN2;RAP1B;PITPNA,Reactome,Reactome_2022
prerank,positive regulation of tumor necrosis factor superfamily cytokine production (GO:1903557),0.16637561294482683,1.091792915667602,0.0,0.7314671358786836,1.0,12/74,8.84%,CCL3;TWIST1;IFNG;HAVCR2;CYBA;TYROBP;ORM1;C1QTNF4;LGALS9;PYCARD;CD2;CLU,GOBP,GO_Biological_Process_2021
prerank,myeloid cell activation involved in immune response (GO:0002275),0.2619446209275897,1.093581834572333,0.3076923076923077,0.7321521298899003,1.0,5/17,7.72%,IFNG;SBNO2;TYROBP;PYCARD;FCER1G,GOBP,GO_Biological_Process_2021
prerank,SARS-CoV-2 innate immunity evasion and cell-specific immune response WP5039,0.22633211476509632,1.0,1.0,0.7464529220779221,1.0,11/64,6.97%,LAG3;CCL3;CCL5;CCL4;TGFB1;CD160;IFITM1;HAVCR2;CXCL2;BSG;TFAP2A,WikiPath,WikiPathway_2021_Human
prerank,regulation of neutrophil degranulation (GO:0043313),0.4624859577549106,1.0751739297365137,0.2413793103448276,0.7498257312128079,1.0,2/5,4.61%,SPI1;ITGB2,GOBP,GO_Biological_Process_2021
prerank,regulation of monocyte chemotaxis (GO:0090025),0.21411506301417677,1.0777113372246254,0.16666666666666666,0.7498495327721713,1.0,4/21,7.00%,CCL5;S100A7;SLAMF8;SLIT2,GOBP,GO_Biological_Process_2021
prerank,antigen processing and presentation of exogenous peptide antigen (GO:0002478),0.16005652174768054,1.0753847949003974,0.0,0.750255220471001,1.0,98/99,81.77%,LAG3;AP1S1;IFI30;FCGR2B;DYNLL1;CAPZB;DCTN3;ARF1;RAB7A;HLA-DRA;HLA-DMA;FCER1G;CTSD;AP2A1;HLA-DQB1;AP2M1;CLTA;CTSE;AP1M2;AP2S1;HLA-DPA1;HLA-DRB4;CTSL;DNM2;CD74;HLA-A;HLA-DQB2;RILP;HLA-DQA2;HLA-DRB1;ACTR1A;HLA-DRB5;KLC2;HLA-DPB1;DYNC1I2;HLA-DRB3;HLA-DMB;DCTN6;KIF22;AP1S2;CTSV;CAPZA1;HLA-DOA;HLA-DQA1;SEC13;HLA-DOB;SEC24C;DCTN1;HLA-F;KLC1;AP1B1;AP1M1;CTSF;AP2B1;DYNLL2;KIFAP3;KIF2C;KIF11;DYNC1I1;KIF4A;ACTR10;DYNC1LI1;DCTN2;HLA-E;CLEC4A;ACTR1B;KIF3A;CENPE;LGMN;KIF18A;KIF5A;KIF26A;MFSD6;CTSS;CANX;DYNC1H1;DYNC1LI2;AP1S3;KIF15;AP2A2;SAR1B;SPTBN2;DCTN4;CAPZA2;KIF3B;SEC31A;SEC24A;SEC24D;KIF3C;SEC23A;SEC24B;KIF2A;AP1G1;OSBPL1A;CLTC;DCTN5;KIF23;PIKFYVE,GOBP,GO_Biological_Process_2021
prerank,regulation of monocyte chemotactic protein-1 production (GO:0071637),0.3265563411558423,1.0696067560651856,0.42857142857142855,0.751791212595298,1.0,3/10,7.46%,TWIST1;LGALS9;GSTP1,GOBP,GO_Biological_Process_2021
prerank,regulation of histamine secretion by mast cell (GO:1903593),0.39345793330663664,1.06388552863579,0.391304347826087,0.7543820711994851,1.0,3/6,14.56%,VAMP2;VAMP8;VAMP7,GOBP,GO_Biological_Process_2021
prerank,positive regulation of innate immune response (GO:0045089),0.21661235571658244,1.0629503362272794,0.4,0.7546546641331395,1.0,6/32,5.54%,CCL5;AKIRIN2;SPI1;SH2D1B;ZBP1;TRIM62,GOBP,GO_Biological_Process_2021
prerank,lymphocyte proliferation (GO:0046651),-0.4782418361354233,-1.474795940038468,0.010101010101010102,0.7565866860743118,1.0,18/28,37.89%,CR2;MS4A1;CD40LG;CD40;IFNE;BCL2;CD79A;MEF2C;CTPS1;RASGRP1;LMBR1L;HSPD1;IFNK;HELLS;PPP3CB;IFNA5;PTPRC;PIK3CG,GOBP,GO_Biological_Process_2021
prerank,Supression of HMGB1 mediated inflammation by THBD WP4479,0.31951566071538895,0.9849838424527098,0.3888888888888889,0.7588310634171024,1.0,9/9,68.07%,IKBKG;RELA;HMGB1;AGER;NFKBIA;THBD;CHUK;IKBKB;NFKB1,WikiPath,WikiPathway_2021_Human
prerank,innate immune response (GO:0045087),0.13399407124197424,1.0,1.0,0.7618064565795512,1.0,46/243,11.14%,STYK1;IFITM2;TRIM51;KIR2DS2;TRIM61;CFD;S100A7;IKBKG;ATAD3A;IFITM1;APOL1;IFITM3;CLEC4E;KLRD1;S100A12;CYBA;TYROBP;APOBEC3G;F12;PI3;MSRB1;TRIM64B;CD300E;NCF1;TRIM62;RNASE6;MYD88;CX3CR1;RELB;TNK2;RNF187;FCER1G;BST2;RELA;KIR2DS4;CXCL16;ANG;IRF7;FGR;PTX3;APOBEC3A;PGLYRP4;TRIM11;ISG15;TRIM21;RNASE2,GOBP,GO_Biological_Process_2021
prerank,neutrophil activation involved in immune response (GO:0002283),0.15657268625138426,1.0,1.0,0.7618064565795512,1.0,114/461,14.73%,CD63;FTH1;BRI3;ATP6V0C;FRMPD3;CSTB;TUBB4B;CFD;S100A7;RAB5C;TRAPPC1;RAC1;SERPINA1;ANXA2;CYB5R3;STXBP2;S100A11;GPR84;ARL8A;LILRB2;CDA;MMP9;SYNGR1;DYNLL1;PLAUR;LPCAT1;VAMP2;HLA-B;CTSA;PRKCD;S100A12;FABP5;CYBA;PPIA;ACAA1;TYROBP;S100P;ORM1;ITGB2;SRP14;RHOG;GAA;TNFRSF1B;CST3;FOLR3;TCN1;GMFG;RAB7A;LILRB3;CNN2;TCIRG1;VAMP8;HLA-C;RHOA;C5AR1;RAP1B;PYCARD;HP;GSTP1;RAB3A;FCER1G;GUSB;SERPINB6;CTSD;BST2;MCEMP1;HSPA6;RAB37;TNFAIP6;GYG1;PGAM1;CTSZ;ALDOA;FGR;PTX3;TOM1;CD53;OSCAR;AGPAT2;DGAT1;RAB27A;LAMP1;ARSA;RNASE2;DYNLT1;MMP25;COMMD3;OSTF1;MAN2B1;SIGLEC5;CD68;CHI3L1;KCNAB2;PTPRN2;PTPN6;LGALS3;PDAP1;SURF4;GRN;FCGR2A;STOM;TIMP2;ITGAL;DDOST;CD300A;CANT1;RAB24;VAMP7;QSOX1;CSNK2B;ENPP4;ALDH3B1;HSPA1B;CTSB,GOBP,GO_Biological_Process_2021
prerank,interleukin-1-mediated signaling pathway (GO:0070498),0.12809944104403645,1.0,1.0,0.7618064565795512,1.0,87/93,71.60%,PSMB8;IKBKG;IL1RN;PSMA7;MYD88;UBB;MAPK3;IL1R2;RELA;RBX1;PSMC5;PSMC1;PSMB9;IL1A;PSMA4;PSMB3;PSMD4;PSME1;UBA52;PSME2;PSMD9;PSMB2;TNIP2;RPS6KA4;SQSTM1;PSMB10;PSMF1;TOLLIP;PSMB1;PSMD8;PSMB6;PSMC3;PSMB4;PSMC4;UBC;PSMA6;EGR1;PSMD10;PSMD3;PSME3;NFKBIA;RIPK2;MAP3K3;PSMD13;SKP1;ST18;PSMD11;PSMD2;PSMD7;IL1B;PSMC6;PSMB7;PSMD5;IRAK3;NOD1;IRAK1;IL1RAP;UBE2N;PSMA5;IL1R1;TAB2;PSMA2;TAB3;PSMC2;NOD2;CHUK;IRAK2;PSMD1;CUL1;UBE2V1;TAB1;PSMB5;PSMA1;PELI3;PSMD12;PSMA3;PELI2;MAP3K8;PELI1;PSMD6;IRAK4;IKBKB;PSME4;PSMD14;NFKB1;MAP3K7;PLCB1,GOBP,GO_Biological_Process_2021
prerank,regulation of immune response (GO:0050776),0.23338879840933519,1.0,1.0,0.7618064565795512,1.0,42/168,10.27%,KIR3DL2;KLRF1;LAG3;KIR2DL3;SLAMF7;CD247;VCAM1;KIR2DS2;KIR2DL2;MADCAM1;FCGR1A;LILRB1;FCGR2B;COL1A1;ICAM5;LILRB2;CD160;IFITM1;KLRD1;LAIR2;HLA-B;CD81;PDCD1;TYROBP;COL1A2;SH2D1B;ITGB2;CD300E;NCR1;HLA-DRA;KIR3DL1;HLA-C;PILRA;FCRLB;FCGR3A;CLEC4G;FKBP1A;IRF7;NPDC1;ULBP1;FGR;OSCAR,GOBP,GO_Biological_Process_2021
prerank,response to interleukin-1 (GO:0070555),0.23048282383312815,1.0,1.0,0.7618064565795512,1.0,21/74,12.63%,CCL3;CCL5;XCL1;CCL4;XCL2;SFRP1;NLRP7;CCL24;MYLK3;LGALS9;GBP1;MYD88;PYCARD;RELA;CCL22;PTGIS;ZC3H12A;UPF1;MAPK11;CHI3L1;CCL18,GOBP,GO_Biological_Process_2021
prerank,cellular response to interleukin-1 (GO:0071347),0.1978007430674311,1.0,1.0,0.7618064565795512,1.0,41/143,14.79%,CCL3;CCL5;XCL1;CCL4;PSMB8;IKBKG;XCL2;SFRP1;IL1RN;NLRP7;CCL24;MYLK3;GBP1;PSMA7;MYD88;UBB;MAPK3;PYCARD;IL1R2;RELA;RBX1;PSMC5;PSMC1;CCL22;PSMB9;PTGIS;IL1A;ZC3H12A;PSMA4;UPF1;MAPK11;PSMB3;CCL18;PSMD4;PSME1;UBA52;PSME2;PSMD9;PSMB2;CCL25;CCL1,GOBP,GO_Biological_Process_2021
prerank,neutrophil degranulation (GO:0043312),0.15994440880415303,1.0,1.0,0.7618064565795512,1.0,114/457,14.73%,CD63;FTH1;BRI3;ATP6V0C;FRMPD3;CSTB;TUBB4B;CFD;S100A7;RAB5C;TRAPPC1;RAC1;SERPINA1;ANXA2;CYB5R3;STXBP2;S100A11;GPR84;ARL8A;LILRB2;CDA;MMP9;SYNGR1;DYNLL1;PLAUR;LPCAT1;VAMP2;HLA-B;CTSA;PRKCD;S100A12;FABP5;CYBA;PPIA;ACAA1;TYROBP;S100P;ORM1;ITGB2;SRP14;RHOG;GAA;TNFRSF1B;CST3;FOLR3;TCN1;GMFG;RAB7A;LILRB3;CNN2;TCIRG1;VAMP8;HLA-C;RHOA;C5AR1;RAP1B;PYCARD;HP;GSTP1;RAB3A;FCER1G;GUSB;SERPINB6;CTSD;BST2;MCEMP1;HSPA6;RAB37;TNFAIP6;GYG1;PGAM1;CTSZ;ALDOA;FGR;PTX3;TOM1;CD53;OSCAR;AGPAT2;DGAT1;RAB27A;LAMP1;ARSA;RNASE2;DYNLT1;MMP25;COMMD3;OSTF1;MAN2B1;SIGLEC5;CD68;CHI3L1;KCNAB2;PTPRN2;PTPN6;LGALS3;PDAP1;SURF4;GRN;FCGR2A;STOM;TIMP2;ITGAL;DDOST;CD300A;CANT1;RAB24;VAMP7;QSOX1;CSNK2B;ENPP4;ALDH3B1;HSPA1B;CTSB,GOBP,GO_Biological_Process_2021
prerank,"antigen processing and presentation of exogenous peptide antigen via MHC class I, TAP-dependent (GO:0002479)",0.27804889502815733,1.0,1.0,0.7618064565795512,1.0,23/71,14.61%,PSMB8;FCGR1A;CALR;IKBKG;HLA-B;CYBA;NCF1;PDIA3;TAP1;PSMA7;VAMP8;HLA-C;CD207;PSMC5;PSMC1;PSMB9;PSMA4;PSMB3;PSMD4;PSME1;PSME2;PSMD9;PSMB2,GOBP,GO_Biological_Process_2021
prerank,neutrophil mediated immunity (GO:0002446),0.15464403578213773,1.0,1.0,0.7618064565795512,1.0,114/464,14.73%,CD63;FTH1;BRI3;ATP6V0C;FRMPD3;CSTB;TUBB4B;CFD;S100A7;RAB5C;TRAPPC1;RAC1;SERPINA1;ANXA2;CYB5R3;STXBP2;S100A11;GPR84;ARL8A;LILRB2;CDA;MMP9;SYNGR1;DYNLL1;PLAUR;LPCAT1;VAMP2;HLA-B;CTSA;PRKCD;S100A12;FABP5;CYBA;PPIA;ACAA1;TYROBP;S100P;ORM1;ITGB2;SRP14;RHOG;GAA;TNFRSF1B;CST3;FOLR3;TCN1;GMFG;RAB7A;LILRB3;CNN2;TCIRG1;VAMP8;HLA-C;RHOA;C5AR1;RAP1B;PYCARD;HP;GSTP1;RAB3A;FCER1G;GUSB;SERPINB6;CTSD;BST2;MCEMP1;HSPA6;RAB37;TNFAIP6;GYG1;PGAM1;CTSZ;ALDOA;FGR;PTX3;TOM1;CD53;OSCAR;AGPAT2;DGAT1;RAB27A;LAMP1;ARSA;RNASE2;DYNLT1;MMP25;COMMD3;OSTF1;MAN2B1;SIGLEC5;CD68;CHI3L1;KCNAB2;PTPRN2;PTPN6;LGALS3;PDAP1;SURF4;GRN;FCGR2A;STOM;TIMP2;ITGAL;DDOST;CD300A;CANT1;RAB24;VAMP7;QSOX1;CSNK2B;ENPP4;ALDH3B1;HSPA1B;CTSB,GOBP,GO_Biological_Process_2021
prerank,innate immune response activating cell surface receptor signaling pathway (GO:0002220),0.16308154366734404,1.0,1.0,0.7618064565795512,1.0,20/110,9.67%,MUC1;KIR2DS2;PSMB8;IKBKG;CLEC4E;KLRD1;PRKCD;TYROBP;MUC12;PRKACA;MUC17;PSMA7;RELB;FCER1G;HRAS;RELA;PSMC5;PSMC1;MUC3A;PSMB9,GOBP,GO_Biological_Process_2021
prerank,antigen processing and presentation of exogenous peptide antigen via MHC class I (GO:0042590),0.2782582376309713,1.0,1.0,0.7618064565795512,1.0,25/76,14.61%,PSMB8;FCGR1A;CALR;IFI30;IKBKG;HLA-B;CYBA;NCF1;PDIA3;TAP1;PSMA7;VAMP8;HLA-C;FCER1G;CD207;PSMC5;PSMC1;PSMB9;PSMA4;PSMB3;PSMD4;PSME1;PSME2;PSMD9;PSMB2,GOBP,GO_Biological_Process_2021
prerank,Immune response to tuberculosis WP4197,0.24745812749507357,0.9521090902980814,0.25,0.7628771963330786,1.0,4/23,5.97%,PSMB8;IFITM1;SOCS1;TAP1,WikiPath,WikiPathway_2021_Human
prerank,regulation of leukocyte tethering or rolling (GO:1903236),0.31461576476402275,0.9984294866416039,0.4090909090909091,0.7629474654523338,1.0,8/8,68.55%,CCL25;SELE;FUT7;ST3GAL4;CCL21;SELP;FUT4;CCL28,GOBP,GO_Biological_Process_2021
prerank,positive regulation of interleukin-1 production (GO:0032732),0.1625091905813953,1.0507759809046227,0.0,0.7647759026186512,1.0,8/55,7.30%,CCL3;IFNG;TYROBP;CASP1;ORM1;LGALS9;MYD88;PYCARD,GOBP,GO_Biological_Process_2021
prerank,cellular response to interleukin-17 (GO:0097398),-0.6673679998633752,-1.4327568458376283,0.0759493670886076,0.7653129635100808,1.0,2/6,2.04%,TRAF3IP2;IL17RE,GOBP,GO_Biological_Process_2021
prerank,interleukin-17-mediated signaling pathway (GO:0097400),-0.6673679998633752,-1.4327568458376283,0.0759493670886076,0.7653129635100808,1.0,2/6,2.04%,TRAF3IP2;IL17RE,GOBP,GO_Biological_Process_2021
prerank,negative regulation of interleukin-10 production (GO:0032693),-0.5202342545849233,-1.427747859677526,0.08791208791208792,0.7715001179592511,1.0,4/16,2.75%,DLL1;IL23R;TRIB2;IL23A,GOBP,GO_Biological_Process_2021
prerank,cellular response to interleukin-4 (GO:0071353),-0.5911304425846287,-1.4440691473858813,0.06172839506172839,0.7731585386409123,1.0,2/10,0.32%,LEF1;TCF7,GOBP,GO_Biological_Process_2021
prerank,dendritic cell differentiation (GO:0097028),-0.49229503847881056,-1.4798380867844587,0.031914893617021274,0.7754061070644036,1.0,5/23,5.93%,CCR7;CAMK4;BLK;IRF8;TGFBR2,GOBP,GO_Biological_Process_2021
prerank,positive regulation of dendritic cell antigen processing and presentation (GO:0002606),-0.6827973950788662,-1.4341717949855008,0.0379746835443038,0.7756175518185792,1.0,1/6,0.08%,CCR7,GOBP,GO_Biological_Process_2021
prerank,positive regulation of antigen processing and presentation (GO:0002579),-0.6827973950788662,-1.4341717949855008,0.0379746835443038,0.7756175518185792,1.0,1/6,0.08%,CCR7,GOBP,GO_Biological_Process_2021
prerank,negative regulation of lymphocyte migration (GO:2000402),-0.5568744172835401,-1.4446845344424262,0.08235294117647059,0.7764105472200339,1.0,5/10,16.51%,CD200;ADTRP;CD200R1;GCSAM;WASL,GOBP,GO_Biological_Process_2021
prerank,antigen processing and presentation of exogenous peptide antigen via MHC class II (GO:0019886),0.15901629648065782,1.0391731667628328,0.5,0.7802347251678656,1.0,93/94,81.77%,LAG3;AP1S1;IFI30;FCGR2B;DYNLL1;CAPZB;DCTN3;ARF1;RAB7A;HLA-DRA;HLA-DMA;FCER1G;CTSD;AP2A1;HLA-DQB1;AP2M1;CLTA;CTSE;AP1M2;AP2S1;HLA-DPA1;HLA-DRB4;CTSL;DNM2;CD74;HLA-DQB2;RILP;HLA-DQA2;HLA-DRB1;ACTR1A;HLA-DRB5;KLC2;HLA-DPB1;DYNC1I2;HLA-DRB3;HLA-DMB;DCTN6;KIF22;AP1S2;CTSV;CAPZA1;HLA-DOA;HLA-DQA1;SEC13;HLA-DOB;SEC24C;DCTN1;KLC1;AP1B1;AP1M1;CTSF;AP2B1;DYNLL2;KIFAP3;KIF2C;KIF11;DYNC1I1;KIF4A;ACTR10;DYNC1LI1;DCTN2;ACTR1B;KIF3A;CENPE;LGMN;KIF18A;KIF5A;KIF26A;CTSS;CANX;DYNC1H1;DYNC1LI2;AP1S3;KIF15;AP2A2;SAR1B;SPTBN2;DCTN4;CAPZA2;KIF3B;SEC31A;SEC24A;SEC24D;KIF3C;SEC23A;SEC24B;KIF2A;AP1G1;OSBPL1A;CLTC;DCTN5;KIF23;PIKFYVE,GOBP,GO_Biological_Process_2021
prerank,antigen processing and presentation of peptide antigen via MHC class II (GO:0002495),0.15901629648065782,1.0391731667628328,0.5,0.7802347251678656,1.0,93/94,81.77%,LAG3;AP1S1;IFI30;FCGR2B;DYNLL1;CAPZB;DCTN3;ARF1;RAB7A;HLA-DRA;HLA-DMA;FCER1G;CTSD;AP2A1;HLA-DQB1;AP2M1;CLTA;CTSE;AP1M2;AP2S1;HLA-DPA1;HLA-DRB4;CTSL;DNM2;CD74;HLA-DQB2;RILP;HLA-DQA2;HLA-DRB1;ACTR1A;HLA-DRB5;KLC2;HLA-DPB1;DYNC1I2;HLA-DRB3;HLA-DMB;DCTN6;KIF22;AP1S2;CTSV;CAPZA1;HLA-DOA;HLA-DQA1;SEC13;HLA-DOB;SEC24C;DCTN1;KLC1;AP1B1;AP1M1;CTSF;AP2B1;DYNLL2;KIFAP3;KIF2C;KIF11;DYNC1I1;KIF4A;ACTR10;DYNC1LI1;DCTN2;ACTR1B;KIF3A;CENPE;LGMN;KIF18A;KIF5A;KIF26A;CTSS;CANX;DYNC1H1;DYNC1LI2;AP1S3;KIF15;AP2A2;SAR1B;SPTBN2;DCTN4;CAPZA2;KIF3B;SEC31A;SEC24A;SEC24D;KIF3C;SEC23A;SEC24B;KIF2A;AP1G1;OSBPL1A;CLTC;DCTN5;KIF23;PIKFYVE,GOBP,GO_Biological_Process_2021
prerank,positive regulation of lymphocyte migration (GO:2000403),0.31885625650535704,1.0414645446113064,0.4375,0.7802427968592861,1.0,4/13,8.26%,CCL5;RHOA;PYCARD;TNFRSF14,GOBP,GO_Biological_Process_2021
prerank,positive regulation of type 2 immune response (GO:0002830),0.2520566743466175,0.9783778457932752,0.45454545454545453,0.7803625772979644,1.0,2/14,3.61%,XCL1;CD81,GOBP,GO_Biological_Process_2021
prerank,Cross-presentation Of Soluble Exogenous Antigens (Endosomes) R-HSA-1236978,0.20509915163923814,1.1348588997145612,0.0,0.7803847394585414,1.0,14/46,14.61%,PSMB8;FCGR1A;PSMA7;CD207;PSMC5;PSMC1;PSMB9;PSMA4;PSMB3;PSMD4;PSME1;PSME2;PSMD9;PSMB2,Reactome,Reactome_2022
prerank,response to interleukin-4 (GO:0070670),-0.5829506857358436,-1.4134785703679176,0.07317073170731707,0.7808433844307974,1.0,2/10,0.32%,LEF1;TCF7,GOBP,GO_Biological_Process_2021
prerank,negative regulation of response to cytokine stimulus (GO:0060761),0.33440415147958247,1.0398455520937715,0.375,0.782320255116212,1.0,9/9,66.58%,MAPK7;KLF4;SIGIRR;APOA1;PALM3;IRAK3;MAP2K5;PTPRC;SH2B3,GOBP,GO_Biological_Process_2021
prerank,negative regulation of interleukin-8 production (GO:0032717),0.2715659676762633,0.9759386369890967,0.5,0.7833499769699596,1.0,17/18,57.96%,BCL3;KLF4;IL10;ANXA1;TMSB4X;ANXA4;ELANE;CD33;PTPN22;OTUD7B;BPI;TLR9;ARRB1;TLR6;CACTIN;MAP2K5;SSC5D,GOBP,GO_Biological_Process_2021
prerank,lymphocyte apoptotic process (GO:0070227),0.42403542712437875,1.0224969069333452,0.3333333333333333,0.790140153327524,1.0,2/6,4.82%,FASLG;BAX,GOBP,GO_Biological_Process_2021
prerank,innate immune response in mucosa (GO:0002227),0.3011244285184729,0.9667215467222339,0.4666666666666667,0.7929262825040887,1.0,10/10,69.91%,RNASE2;DEFB1;RNASE3;RPL39;CAMP;DEFA4;PLA2G1B;NOS2;IL4;LTF,GOBP,GO_Biological_Process_2021
prerank,negative regulation of immune effector process (GO:0002698),0.26690944715751197,0.9614931219871463,0.8,0.7977181001396634,1.0,7/15,14.24%,LILRB1;HAVCR2;SLAMF8;LGALS3;GRN;CD300A;IFNL1,GOBP,GO_Biological_Process_2021
prerank,positive regulation of leukocyte migration (GO:0002687),0.2302773350345061,1.0141765598809633,0.4444444444444444,0.8015917972800335,1.0,10/24,16.97%,XCL1;MADCAM1;MIA3;TNFRSF18;CSF1;LGALS3;ADAM8;AIF1;MDK;PLVAP,GOBP,GO_Biological_Process_2021
prerank,negative regulation of leukocyte degranulation (GO:0043301),0.3673809124327003,1.013533962601409,0.45454545454545453,0.8020478647291117,1.0,3/9,5.51%,FCGR2B;SPI1;LGALS9,GOBP,GO_Biological_Process_2021
prerank,negative regulation of leukocyte activation (GO:0002695),0.2760210518642126,1.0146220996748985,0.45454545454545453,0.8044488353617052,1.0,8/14,16.30%,FCGR2B;HAVCR2;ZC3H12A;MILR1;GRN;NR1H3;CD300A;GPER1,GOBP,GO_Biological_Process_2021
prerank,dendritic spine morphogenesis (GO:0060997),-0.5478147673623281,-1.396299844154178,0.0851063829787234,0.8084703709909133,1.0,5/16,16.51%,SHANK1;WNT7A;DOCK10;CTNND2;WASL,GOBP,GO_Biological_Process_2021
prerank,regulation of neutrophil migration (GO:1902622),0.29864815195538225,0.9453133480294676,0.5,0.8118668792300607,1.0,4/10,6.06%,RAC1;RHOG;RAC2;SLAMF8,GOBP,GO_Biological_Process_2021
prerank,regulation of neutrophil chemotaxis (GO:0090022),-0.46688436226033747,-1.3930436420136294,0.053763440860215055,0.8126276939786651,1.0,5/24,3.61%,CCR7;DPP4;THBS4;DNM1L;JAM3,GOBP,GO_Biological_Process_2021
prerank,negative regulation of adaptive immune response (GO:0002820),0.43104193687851267,1.004021970277356,0.5161290322580645,0.8163894543546164,1.0,5/5,56.91%,CD160;TNFRSF14;SAMSN1;TRIM27;ALOX15,GOBP,GO_Biological_Process_2021
prerank,negative regulation of lymphocyte apoptotic process (GO:0070229),0.2794777235869973,0.9408259576836366,0.4166666666666667,0.8190366627837657,1.0,1/10,0.45%,CCL5,GOBP,GO_Biological_Process_2021
prerank,Interleukin-18 Signaling R-HSA-9012546,0.4402371980974735,1.114014954423239,0.2857142857142857,0.8250727014123551,1.0,7/7,56.00%,IL18;IL18RAP;ALOX5;IL18R1;IL18BP;IL13;IL4,Reactome,Reactome_2022
prerank,positive regulation of cytokine-mediated signaling pathway (GO:0001961),0.1570066635540445,0.9327331774246267,1.0,0.8259581953809267,1.0,9/33,12.91%,CASP1;ZBP1;C1QTNF4;LAPTM5;GFI1;AGPAT2;CSF1;AGPAT1;PARP9,GOBP,GO_Biological_Process_2021
prerank,positive regulation of natural killer cell mediated immunity (GO:0002717),0.2606300064842949,0.9214930341947519,0.5555555555555556,0.8313969281500653,1.0,5/18,11.01%,CD160;KLRD1;SH2D1B;LAMP1;CADM1,GOBP,GO_Biological_Process_2021
prerank,regulation of antigen receptor-mediated signaling pathway (GO:0050854),-0.5385064198411562,-1.3826102315234257,0.09876543209876543,0.8328717192645322,1.0,4/13,9.91%,PAX5;CD19;BLK;GCSAM,GOBP,GO_Biological_Process_2021
prerank,positive regulation of leukocyte tethering or rolling (GO:1903238),0.3606324501266136,0.8900344925544226,0.53125,0.8497478165026718,1.0,5/5,63.95%,SELE;FUT7;ST3GAL4;SELP;FUT4,GOBP,GO_Biological_Process_2021
prerank,regulation of interleukin-8 production (GO:0032677),0.145622131511639,0.8913492027207902,0.6666666666666666,0.8499429073712511,1.0,12/73,8.84%,F2R;F3;BCL3;LGALS9;MYD88;PARK7;PYCARD;PRKD2;CD244;RELA;CD2;KLF4,GOBP,GO_Biological_Process_2021
prerank,"antigen processing and presentation of exogenous peptide antigen via MHC class I, TAP-independent (GO:0002480)",0.3624202797687787,0.888191275255792,0.6428571428571429,0.8514387498856447,1.0,2/7,6.93%,HLA-B;HLA-C,GOBP,GO_Biological_Process_2021
prerank,negative regulation of dendritic spine development (GO:0061000),-0.6611276903015855,-1.3649219338509386,0.09090909090909091,0.8538344655367052,1.0,3/6,13.71%,EFNA1;PTPRS;GRIN3A,GOBP,GO_Biological_Process_2021
prerank,Interleukin-12 Signaling R-HSA-9020591,0.1799034523709112,1.0093949784189167,0.3333333333333333,0.8646312348402899,1.0,9/42,9.60%,ANXA2;IFNG;PPIA;IL12RB1;AURKAIP1;CNN2;RAP1B;P4HB;PITPNA,Reactome,Reactome_2022
prerank,Cross-presentation Of Particulate Exogenous Antigens (Phagosomes) R-HSA-1236973,0.27254638147774324,0.8417240297829277,0.8181818181818182,0.8708034751728075,1.0,2/8,5.53%,CYBA;NCF1,Reactome,Reactome_2022
prerank,negative regulation of leukocyte cell-cell adhesion (GO:1903038),0.23195216004739974,0.8656466622952729,0.7777777777777778,0.8828160822671316,1.0,4/16,7.05%,ASS1;MIA3;TIGIT;LAPTM5,GOBP,GO_Biological_Process_2021
prerank,positive regulation of myeloid cell apoptotic process (GO:0033034),0.33296568558114453,0.8646694026150958,0.5652173913043478,0.882977612045232,1.0,1/7,0.02%,CDKN2A,GOBP,GO_Biological_Process_2021
prerank,regulation of natural killer cell proliferation (GO:0032817),-0.6194391114513533,-1.34599707998275,0.13095238095238096,0.8873959930891164,1.0,2/7,2.75%,IL23R;IL23A,GOBP,GO_Biological_Process_2021
prerank,negative regulation of T-helper 17 type immune response (GO:2000317),0.2959069891298476,0.8486435148826,0.5416666666666666,0.8936359012345898,1.0,2/7,11.50%,TBX21;ZC3H12A,GOBP,GO_Biological_Process_2021
prerank,establishment of lymphocyte polarity (GO:0001767),-0.6197025358849575,-1.3388914526509017,0.06329113924050633,0.89529351962299,1.0,1/6,0.08%,CCR7,GOBP,GO_Biological_Process_2021
prerank,monocyte activation (GO:0042117),0.26176943037192646,0.8401545928951873,0.6428571428571429,0.9026583005934607,1.0,10/10,73.84%,MT1G;CSF1;SPACA3;AZU1;DYSF;HYAL2;ADAM9;FER1L5;ADAM10;FOXP1,GOBP,GO_Biological_Process_2021
prerank,ApoE and miR-146 in inflammation and atherosclerosis WP3926,0.2810261023626982,0.7948208912012588,0.6666666666666666,0.9026988636363636,1.0,4/8,17.18%,SPI1;RELA;APOE;NFKB2,WikiPath,WikiPathway_2021_Human
prerank,negative regulation of chemokine production (GO:0032682),0.19339118852260836,0.8367425855717476,0.8947368421052632,0.9032882269137732,1.0,4/17,9.01%,LGALS9;GSTP1;KLF4;SIGIRR,GOBP,GO_Biological_Process_2021
prerank,positive regulation of interleukin-8 production (GO:0032757),0.16508572095736623,0.8305000729488998,1.0,0.9088395541446285,1.0,10/55,8.74%,F2R;F3;LGALS9;MYD88;PARK7;PYCARD;PRKD2;CD244;RELA;CD2,GOBP,GO_Biological_Process_2021
prerank,leukocyte aggregation (GO:0070486),0.27853965900667166,0.8265274512814849,0.7272727272727273,0.9109537309411843,1.0,8/8,72.16%,RAC2;S100A8;BMP7;S100A9;SEMA4D;IL1B;CD44;JAM2,GOBP,GO_Biological_Process_2021
prerank,regulation of macrophage cytokine production (GO:0010935),0.24488330888775645,0.8260411459057244,0.6666666666666666,0.9110655927956114,1.0,4/12,11.78%,LILRB1;TGFB1;LAPTM5;CUEDC2,GOBP,GO_Biological_Process_2021
prerank,regulation of natural killer cell mediated immunity (GO:0002715),0.3587821268348489,0.8159136928585815,0.6470588235294118,0.9182182318049061,1.0,2/5,5.43%,SH2D1B;NCR1,GOBP,GO_Biological_Process_2021
prerank,mature conventional dendritic cell differentiation (GO:0097029),-0.6396410492658866,-1.2784009666103295,0.12162162162162163,0.9260275506943377,1.0,1/5,0.08%,CCR7,GOBP,GO_Biological_Process_2021
prerank,regulation of myeloid leukocyte differentiation (GO:0002761),-0.5986858494046173,-1.2799948404665369,0.136986301369863,0.9266086193169225,1.0,4/7,26.17%,CAMK4;UBASH3B;MTOR;FOXP1,GOBP,GO_Biological_Process_2021
prerank,mucosal immune response (GO:0002385),0.19667470177390445,0.8012403416897557,0.7777777777777778,0.9271310452052548,1.0,17/17,80.35%,RNASE2;DEFB1;RNASE3;RAB17;RPL39;CAMP;IFNL2;FFAR3;DEFA4;OTUD7B;FFAR2;PLA2G1B;PIGR;NOS2;IL4;LTF;IFNLR1,GOBP,GO_Biological_Process_2021
prerank,negative regulation of dendritic cell apoptotic process (GO:2000669),-0.6080460837981151,-1.2897331350894716,0.1282051282051282,0.9280690257627652,1.0,1/6,0.08%,CCR7,GOBP,GO_Biological_Process_2021
prerank,regulation of dendritic cell apoptotic process (GO:2000668),-0.5042750068847099,-1.2674897075017293,0.1590909090909091,0.9293045937531138,1.0,2/10,3.88%,CCR7;BLK,GOBP,GO_Biological_Process_2021
prerank,positive regulation of myeloid leukocyte differentiation (GO:0002763),-0.41660292919131875,-1.2882972686969374,0.11578947368421053,0.9295761295320218,1.0,4/32,2.75%,LEF1;PRKCA;IL23R;IL23A,GOBP,GO_Biological_Process_2021
prerank,regulation of leukocyte cell-cell adhesion (GO:1903037),0.23729260150602488,0.7939029993703529,0.8,0.9320454224924809,1.0,2/11,3.91%,ASS1;MIA3,GOBP,GO_Biological_Process_2021
prerank,positive regulation of T-helper 17 type immune response (GO:2000318),-0.5217065567266619,-1.274914911666335,0.19101123595505617,0.9338403956991149,1.0,3/11,6.34%,IL23R;IL23A;MALT1,GOBP,GO_Biological_Process_2021
prerank,Interleukin-37 Signaling R-HSA-9008059,0.16501721545156367,0.7654832111189156,0.9333333333333333,0.9344957634769177,1.0,6/18,12.82%,CASP1;PTPN12;PTPN7;SIGIRR;PTPN18;PTPN6,Reactome,Reactome_2022
prerank,negative regulation of leukocyte migration (GO:0002686),-0.5615374310488311,-1.317099166375214,0.09302325581395349,0.9347501934692491,1.0,3/9,4.52%,CD200;ADTRP;CD200R1,GOBP,GO_Biological_Process_2021
prerank,positive regulation of leukocyte degranulation (GO:0043302),0.21239648992707963,0.7903343202680888,0.875,0.9348255739404152,1.0,14/14,78.78%,STX4;ITGB2;FGR;LAMP1;ITGAM;KLRC2;HLA-F;CD177;GAB2;SPHK2;IL4;F2RL1;AP1G1;SYK,GOBP,GO_Biological_Process_2021
prerank,regulation of T-helper 17 type immune response (GO:2000316),-0.5314932117762994,-1.262800352087453,0.17647058823529413,0.9348791736828455,1.0,2/9,2.75%,IL23R;IL23A,GOBP,GO_Biological_Process_2021
prerank,DEx/H-box Helicases Activate Type I IFN And Inflammatory Cytokines Production R-HSA-3134963,0.255369753728022,0.7604704263089636,0.8823529411764706,0.9361611991481443,1.0,3/7,9.47%,MYD88;RELA;IRF7,Reactome,Reactome_2022
prerank,short-term memory (GO:0007614),-0.6377115035291359,-1.2948862531443268,0.10344827586206896,0.9370478201074085,1.0,1/5,10.66%,CUX2,GOBP,GO_Biological_Process_2021
prerank,SARS-CoV-2 Activates/Modulates Innate And Adaptive Immune Responses R-HSA-9705671,-0.33907110417433245,-1.2035506711394552,0.13,0.9423246586268822,1.0,45/101,34.68%,NDC1;G3BP2;NUP37;NUP88;SEH1L;NUP54;NUP43;NUP35;TPR;TRAF3;NUP107;RANBP2;TLR7;NUP205;SIKE1;IFNAR2;G3BP1;NUP188;NUP93;NUP160;TRIM4;MAVS;NUP210;JAK1;TRAF6;IKBKE;MASP2;TLR1;NUP133;ATG14;SEC24B;NUP155;PIK3C3;SEC23A;SEC24D;MAP3K7;TLR8;IFNAR1;SEC24A;PIK3R4;PTPN11;NUP98;IKBKB;SAR1B;LARP1,Reactome,Reactome_2022
prerank,positive regulation of interleukin-12 production (GO:0032735),-0.40401290890861447,-1.2536815179539325,0.17525773195876287,0.9476049514346018,1.0,11/31,28.41%,CCR7;IL23R;IL23A;CD40LG;CD40;TNFSF4;IL16;SYK;TLR4;HSPD1;PLCB1,GOBP,GO_Biological_Process_2021
prerank,positive regulation of macrophage cytokine production (GO:0060907),0.2621643100772246,0.7687538455393798,0.8,0.948450535283047,1.0,2/7,7.05%,LILRB1;LAPTM5,GOBP,GO_Biological_Process_2021
prerank,T-helper 1 type immune response (GO:0042088),-0.5477417885965852,-1.256740339698308,0.17857142857142858,0.9533698378197325,1.0,1/9,0.09%,LEF1,GOBP,GO_Biological_Process_2021
prerank,regulation of natural killer cell differentiation (GO:0032823),0.28874065839046403,0.7522703210695262,0.85,0.95624829206103,1.0,5/5,71.13%,ZNF683;GAS6;PRDM1;AXL;ZBTB1,GOBP,GO_Biological_Process_2021
prerank,positive regulation of cytokinesis (GO:0032467),-0.3967890523118643,-1.2368088777976411,0.1134020618556701,0.9574312332616598,1.0,18/30,42.23%,CXCR5;MAP10;CDC14A;CENPV;RACGAP1;CSPP1;KIF20B;CUL3;KIF23;SPAST;PRKCE;PKN2;CDC14B;DRD2;SVIL;KIF14;ECT2;TAS2R13,GOBP,GO_Biological_Process_2021
prerank,regulation of memory T cell differentiation (GO:0043380),-0.5426632715995904,-1.2375366338462697,0.24096385542168675,0.9581334146320973,1.0,3/9,9.37%,IL23R;IL23A;TNFSF4,GOBP,GO_Biological_Process_2021
prerank,negative regulation of chemokine-mediated signaling pathway (GO:0070100),-0.5704003354199774,-1.231468276533976,0.21052631578947367,0.9587971519868597,1.0,1/6,0.13%,ROBO1,GOBP,GO_Biological_Process_2021
prerank,dendritic cell chemotaxis (GO:0002407),-0.45137147576132247,-1.2375530685520413,0.18181818181818182,0.9593136193601294,1.0,2/16,0.27%,CCR7;CCR6,GOBP,GO_Biological_Process_2021
prerank,positive regulation of humoral immune response (GO:0002922),-0.6277986627678853,-1.2399264983047826,0.1282051282051282,0.9600230099976578,1.0,1/5,0.08%,CCR7,GOBP,GO_Biological_Process_2021
prerank,positive regulation of memory T cell differentiation (GO:0043382),-0.5699494550793613,-1.2436843116175298,0.19753086419753085,0.9615583211512224,1.0,3/8,9.37%,IL23R;IL23A;TNFSF4,GOBP,GO_Biological_Process_2021
prerank,positive regulation of natural killer cell mediated cytotoxicity (GO:0045954),0.19562449984559271,0.742161184259054,0.8181818181818182,0.9621500715451068,1.0,4/17,11.01%,CD160;KLRD1;LAMP1;CADM1,GOBP,GO_Biological_Process_2021
prerank,B cell activation involved in immune response (GO:0002312),-0.43699627515829953,-1.2416656829993955,0.21348314606741572,0.9641138267646021,1.0,6/16,12.69%,CD19;CD40LG;MSH2;MSH6;CD180;LIG4,GOBP,GO_Biological_Process_2021
prerank,long-term memory (GO:0007616),-0.4459592509704944,-1.219005302185723,0.2111111111111111,0.9677069480591621,1.0,4/18,12.92%,SHANK1;CAMK4;EIF2AK4;KAT2A,GOBP,GO_Biological_Process_2021
prerank,antigen processing and presentation of endogenous peptide antigen (GO:0002483),0.19519224504817714,0.7151685041924214,0.7692307692307693,0.973213628626525,1.0,11/12,57.11%,TAP1;HLA-DRA;HLA-A;B2M;TAP2;HLA-DRB1;HLA-F;ERAP1;ERAP2;HLA-E;ABCB9,GOBP,GO_Biological_Process_2021
prerank,positive regulation of natural killer cell cytokine production (GO:0002729),0.2969574384741466,0.7212176727182131,0.7692307692307693,0.97524465614624,1.0,1/5,2.98%,CD160,GOBP,GO_Biological_Process_2021
prerank,regulation of natural killer cell cytokine production (GO:0002727),0.2969574384741466,0.7212176727182131,0.7692307692307693,0.97524465614624,1.0,1/5,2.98%,CD160,GOBP,GO_Biological_Process_2021
prerank,cellular response to interleukin-15 (GO:0071350),0.207934251992832,0.7099696133141259,1.0,0.9761333354895958,1.0,13/13,79.22%,IL2RG;SHC1;IL2RB;IL15RA;GRB2;CD4;STAT3;IL15;JAK3;STAT5A;STAT5B;PLCB1;JAK1,GOBP,GO_Biological_Process_2021
prerank,interleukin-15-mediated signaling pathway (GO:0035723),0.207934251992832,0.7099696133141259,1.0,0.9761333354895958,1.0,13/13,79.22%,IL2RG;SHC1;IL2RB;IL15RA;GRB2;CD4;STAT3;IL15;JAK3;STAT5A;STAT5B;PLCB1;JAK1,GOBP,GO_Biological_Process_2021
prerank,regulation of neutrophil extravasation (GO:2000389),0.3121611588830031,0.704394385852897,0.9166666666666666,0.9766304508253002,1.0,3/5,16.55%,CD99;ADAM8;MDK,GOBP,GO_Biological_Process_2021
prerank,Interleukin-15 Signaling R-HSA-8983432,0.17958225188481028,0.6579196739806319,0.8888888888888888,0.977859762079732,1.0,14/14,82.06%,IL2RG;SHC1;IL2RB;IL15RA;GRB2;GAB2;STAT3;IL15;JAK3;STAT5A;STAT5B;SOS1;JAK1;SOS2,Reactome,Reactome_2022
prerank,natural killer cell activation involved in immune response (GO:0002323),0.20279705581863877,0.6874674469056632,1.0,0.9805224030671698,1.0,4/11,14.56%,VAMP2;CD244;KLRF2;VAMP7,GOBP,GO_Biological_Process_2021
prerank,regulation of interleukin-1-mediated signaling pathway (GO:2000659),0.27765627696255313,0.6877666277840645,0.782608695652174,0.9810946586179413,1.0,2/6,5.18%,IL1RN;ZBP1,GOBP,GO_Biological_Process_2021
prerank,interleukin-6-mediated signaling pathway (GO:0070102),-0.4349229582128053,-1.2050758791487497,0.2,0.9854341712883119,1.0,11/18,41.82%,IL6ST;SMAD4;JAK1;CBL;SRC;FER;IL6R;PTPN11;CTR9;IL6;JAK2,GOBP,GO_Biological_Process_2021
prerank,positive regulation of T cell mediated immune response to tumor cell (GO:0002842),0.26825200741198285,0.676920025459435,0.8235294117647058,0.9866575226380712,1.0,6/6,73.18%,FBXO38;HLA-DRB1;HLA-DRB3;SLC22A13;MR1;HSPD1,GOBP,GO_Biological_Process_2021
prerank,regulation of dendritic spine maintenance (GO:1902950),0.2570893450330066,0.6524319105469385,0.8695652173913043,0.9891341181845834,1.0,1/6,2.32%,FCGR2B,GOBP,GO_Biological_Process_2021
prerank,negative regulation of type 2 immune response (GO:0002829),0.2600630207273572,0.6065509443458644,0.9666666666666667,0.9979336259647699,1.0,1/6,1.64%,TBX21,GOBP,GO_Biological_Process_2021
prerank,Imatinib and Chronic Myeloid Leukemia WP3640,-0.32233549470082773,-0.9366633459781799,0.6666666666666666,1.0,1.0,3/20,7.27%,MYC;SKP2;KIT,WikiPath,WikiPathway_2021_Human
prerank,T-Cell antigen Receptor (TCR) pathway during Staphylococcus aureus infection WP3863,-0.2756368447408441,-0.9424358671091533,0.6122448979591837,1.0,1.0,24/61,37.83%,CD28;PLCG1;ICOS;PDK1;CTLA4;CD40LG;MALT1;ITK;PIK3CA;GRAP2;MAPK9;CBL;SOS1;DLG1;MAP3K14;MAP3K7;NFKB1;GSK3B;PRKCQ;IKBKB;NCK1;MAP3K8;PTPRC;CD3D,WikiPath,WikiPathway_2021_Human
prerank,Development of pulmonary dendritic cells and macrophage subsets WP3892,-0.40631556197773944,-1.0120236749215061,0.4939759036144578,1.0,1.0,4/13,14.63%,TCF4;IRF8;RUNX2;IKZF1,WikiPath,WikiPathway_2021_Human
prerank,Control of immune tolerance by vasoactive intestinal peptide WP4484,-0.4202440959014103,-1.074416175967557,0.39080459770114945,1.0,1.0,2/13,3.11%,CD28;CTLA4,WikiPath,WikiPathway_2021_Human
prerank,Selective expression of chemokine receptors during T-cell polarization WP4494,-0.3754512457297286,-1.1626391515265841,0.25773195876288657,1.0,1.0,6/29,9.71%,CCR7;CD28;CD40LG;TGFB3;IL12RB2;IL4R,WikiPath,WikiPathway_2021_Human
prerank,Overview of leukocyte-intrinsic Hippo pathway functions WP4542,-0.40658908387377485,-1.2777950525691124,0.13541666666666666,1.0,1.0,5/33,3.33%,CCR7;CD19;TEAD2;SAV1;FOXO1,WikiPath,WikiPathway_2021_Human
prerank,Interleukin-1 Family Signaling R-HSA-446652,-0.09944202653252412,-0.35631286545760193,1.0,1.0,1.0,61/140,54.36%,PTPN13;IL36A;BTRC;PSMA8;MAPK8;S100B;FBXW11;RPS27A;SMAD3;TRAF6;USP14;LRRC14;MAP2K4;MAP3K7;MAP2K6;NFKB1;PSMD14;PTPN11;NKIRAS1;PSME4;IKBKB;IRAK4;PSMD6;APP;N4BP1;PELI1;MAP3K8;PELI2;PSMA3;PSMD12;PELI3;PSMA1;PSMB5;TAB1;TIFA;PTPN2;MAP2K1;UBE2V1;IL4;CUL1;IL13;IRAK2;CHUK;NOD2;PSMC2;TAB3;IL18BP;PSMA2;TAB2;TP53;PTPN23;IL1R1;PTPN9;PSMA5;NLRC5;PTPN14;STAT3;TANK;UBE2N;PTPN4;IL1RAP,Reactome,Reactome_2022
prerank,STING Mediated Induction Of Host Immune Responses R-HSA-1834941,-0.1440598489986198,-0.37579075580742655,0.9887640449438202,1.0,1.0,8/13,63.06%,DTX4;XRCC5;NLRC3;XRCC6;NLRP4;PRKDC;TBK1;IFI16,Reactome,Reactome_2022
prerank,MHC Class II Antigen Presentation R-HSA-2132295,-0.13145117353436192,-0.4507705416291271,1.0,1.0,1.0,37/100,44.68%,KIF5C;PRICKLE1;RACGAP1;KIF5B;KIF23;DCTN5;DNM3;CLTC;OSBPL1A;AP1G1;KIF20A;KIF2A;SEC24B;SEC23A;KIF3C;SEC24D;SEC24A;SEC31A;KIF3B;CAPZA2;DCTN4;SPTBN2;SAR1B;AP2A2;KIF15;AP1S3;DYNC1LI2;DYNC1H1;CANX;CTSS;KIF26A;KIF5A;KIF18A;LGMN;CENPE;CTSO;KIF3A,Reactome,Reactome_2022
prerank,Interleukin-2 Family Signaling R-HSA-451927,-0.14712871680593165,-0.47654097760838604,0.98989898989899,1.0,1.0,8/40,23.18%,PIK3CB;CSF2RB;PIK3CA;SOS2;JAK1;SYK;IL2RA;SOS1,Reactome,Reactome_2022
prerank,Interleukin-2 Signaling R-HSA-9020558,-0.2093943649298321,-0.5351597308835951,0.9887640449438202,1.0,1.0,6/12,42.76%,JAK1;SYK;IL2RA;STAT5B;STAT5A;JAK3,Reactome,Reactome_2022
prerank,Neutrophil extracellular trap formation,-0.14080479484796743,-0.49712076504206026,1.0,1.0,1.0,43/104,49.43%,PRKCA;PLCG1;PIK3CB;PIK3CA;TLR7;CLCN3;CLCN5;PLCB4;SYK;PIK3CD;TLR4;MTOR;HDAC2;HDAC6;SRC;CYBB;HDAC8;HDAC9;PLCB1;MAP3K7;TLR8;HAT1;NFKB1;MPO;CLCN4;AKT3;MAPK14;AQP9;ITGB3;FPR2;VWF;CR1L;MAPK1;PLCG2;MAP2K1;PIK3R1;SIGLEC9;HDAC1;NCF2;GP1BA;VDAC3;CR1;SELP,KEGG,KEGG_2021_Human
prerank,Chemokine signaling pathway,-0.16547749358734126,-0.5926708882432854,1.0,1.0,1.0,70/175,43.78%,CCR7;CCR6;CXCR5;GNAI1;SHC2;TIAM1;PLCG1;ADCY3;VAV2;PTK2;CXCR6;GNB5;PIK3CB;PRKACB;ITK;PIK3CA;CCR4;GNG10;GNAQ;SOS2;ADCY7;GNG3;PLCB4;DOCK2;PIK3CD;CCL20;SOS1;CCR9;NRAS;CCR3;SRC;GRK5;BRAF;CCR2;PLCB1;PRKACG;ADCY6;CXCL5;CCL28;NFKB1;GSK3B;CRKL;IKBKB;GNG11;GNAI3;AKT3;STAT5B;GNG7;PARD3;ROCK1;CCR1;GNB4;CCL16;ROCK2;ADCY5;PIK3CG;PIK3R6;PIK3R5;CCL27;GNG8;CXCR4;JAK2;ELMO1;JAK3;KRAS;MAPK1;VAV3;PLCG2;MAP2K1;PIK3R1,KEGG,KEGG_2021_Human
prerank,Chronic myeloid leukemia,-0.1961923976532757,-0.6750172112655308,0.96,1.0,1.0,34/76,43.78%,MYC;SHC2;TGFBR2;TGFB3;SMAD4;PIK3CB;PIK3CA;CDKN1B;SMAD3;SOS2;CDK6;PIK3CD;CBL;SOS1;NRAS;HDAC2;BRAF;TGFBR1;NFKB1;CRKL;PTPN11;IKBKB;E2F3;AKT3;STAT5B;RB1;CDK4;POLK;MECOM;STAT5A;KRAS;MAPK1;MAP2K1;PIK3R1,KEGG,KEGG_2021_Human
prerank,Leukocyte transendothelial migration,-0.20538643992653627,-0.7210939021725008,0.92,1.0,1.0,15/102,13.03%,GNAI1;PRKCA;PLCG1;JAM3;TXK;VAV2;RHOH;RAPGEF4;PTK2;CLDN20;CTNND1;CTNNB1;PIK3CB;ITK;PIK3CA,KEGG,KEGG_2021_Human
prerank,Viral protein interaction with cytokine and cytokine receptor,-0.20947360587670322,-0.7271647919711732,0.95,1.0,1.0,6/87,3.76%,CCR7;CCR6;CXCR5;IL6ST;IL24;TNFRSF10A,KEGG,KEGG_2021_Human
prerank,Adipocytokine signaling pathway,-0.2320100852424243,-0.7603737344065814,0.8686868686868687,1.0,1.0,21/60,39.19%,IRS1;ACSL6;PRKAB2;MAPK8;ACACB;LEPR;PPARGC1A;MAPK9;MTOR;LEP;ACSBG2;PRKAA1;CAMKK2;NFKB1;PTPN11;PRKCQ;IKBKB;AKT3;ACSL3;PRKAG2;RXRA,KEGG,KEGG_2021_Human
prerank,Autoimmune thyroid disease,-0.2643798337974337,-0.8100764033127437,0.8556701030927835,1.0,1.0,4/39,5.73%,CD28;CTLA4;CD40LG;CD40,KEGG,KEGG_2021_Human
prerank,Cytokine-cytokine receptor interaction,-0.23203106593907086,-0.861242629710532,0.9,1.0,1.0,34/242,12.82%,CCR7;EDAR;CCR6;CXCR5;IL7R;CD27;IL6ST;TNFRSF13C;IL23R;IL17RE;ACVR1C;IL24;IL23A;CD40LG;ACVR2B;TNFRSF10A;TNFRSF25;GDF9;CD40;IL36A;TGFBR2;GDF7;TGFB3;BMP8A;CXCR6;IFNE;IL12RB2;TNFSF4;IL4R;BMP3;TNFSF13;CSF2RB;TNFSF8;BMPR2,KEGG,KEGG_2021_Human
prerank,Resistin as a regulator of inflammation WP4481,-0.2835010498499118,-0.8779745170679496,0.6979166666666666,1.0,1.0,16/32,43.62%,PLCG1;PIK3CB;PIK3CA;ITPR1;PLCB4;PLCE1;PIK3CD;PLCB1;NFKB1;IKBKB;AKT3;MAPK14;IL6;PIK3CG;MAPK1;PLCG2,WikiPath,WikiPathway_2021_Human
prerank,positive regulation of leukocyte mediated immunity (GO:0002705),-0.44234451238342287,-0.8800775988180777,0.6533333333333333,1.0,1.0,5/5,55.79%,KIT;SCIMP;PLCG2;NOS2;CLEC7A,GOBP,GO_Biological_Process_2021
prerank,positive regulation of interleukin-4 production (GO:0032753),-0.3180168706719711,-0.8808987823068444,0.6344086021505376,1.0,1.0,3/18,9.37%,CD28;CD40LG;TNFSF4,GOBP,GO_Biological_Process_2021
prerank,dendritic spine maintenance (GO:0097062),-0.3900455959700827,-0.8895859672149817,0.5921052631578947,1.0,1.0,4/8,41.89%,IGF1R;MTMR2;ITGA3;TREM2,GOBP,GO_Biological_Process_2021
prerank,positive regulation of mast cell activation (GO:0033005),-0.4374921967546859,-0.8951443657558946,0.6351351351351351,1.0,1.0,3/5,44.24%,CD226;HAVCR1;SPHK2,GOBP,GO_Biological_Process_2021
prerank,positive regulation of interleukin-18 production (GO:0032741),-0.4510790309444229,-0.8967206794099104,0.7027027027027027,1.0,1.0,2/5,29.43%,DHX9;NLRP9,GOBP,GO_Biological_Process_2021
prerank,negative regulation of immune system process (GO:0002683),-0.3364796107041521,-0.8975779648114363,0.6344086021505376,1.0,1.0,2/14,3.50%,CD200;ADTRP,GOBP,GO_Biological_Process_2021
prerank,regulation of myeloid leukocyte mediated immunity (GO:0002886),-0.35314855140097234,-0.9031810968068377,0.5930232558139535,1.0,1.0,5/10,30.70%,BLK;SYK;DNASE1L3;FER;C12orf4,GOBP,GO_Biological_Process_2021
prerank,cellular response to interleukin-6 (GO:0071354),-0.31272107374572233,-0.9128339378858358,0.6382978723404256,1.0,1.0,12/26,37.31%,IL6ST;SMAD4;JAK1;CBL;PID1;SRC;FER;IL6R;NFKB1;PTPN11;CTR9;IL6,GOBP,GO_Biological_Process_2021
prerank,positive regulation of dendritic cell cytokine production (GO:0002732),-0.4098318216888964,-0.91536779360107,0.6024096385542169,1.0,1.0,2/8,7.27%,CAMK4;KIT,GOBP,GO_Biological_Process_2021
prerank,antigen receptor-mediated signaling pathway (GO:0050851),-0.25504085260399906,-0.9197220963662454,0.76,1.0,1.0,64/178,39.13%,CD28;MS4A1;BLNK;CD19;TRAT1;PLCG1;CTLA4;CD3G;BLK;TXK;CD79B;MALT1;BTRC;BCL2;PAG1;PSMA8;CD79A;ICOSLG;PIK3CB;ITK;THEMIS;HHLA2;PIK3CA;FBXW11;GRAP2;MEF2C;TRAF6;SYK;PIK3CD;TNFRSF21;EIF2B3;BTK;EIF2B1;PDE4B;EIF2B5;TEC;MAP3K7;PDE4D;RC3H2;SPPL3;BTNL3;KHDRBS1;ERMAP;CD38;NFKB1;PSMD14;PRKCQ;PSME4;PAK2;PLEKHA1;IKBKB;CD276;PSMD6;DENND1B;NCK1;PTPRJ;PSMA3;NCKAP1L;PTPRC;RFTN1;CD3D;PDPK1;PSMD12;PAK3,GOBP,GO_Biological_Process_2021
prerank,natural killer cell differentiation (GO:0001779),-0.37976361412879733,-0.9232210805727399,0.5517241379310345,1.0,1.0,2/8,6.05%,RABL3;PBX1,GOBP,GO_Biological_Process_2021
prerank,interleukin-27-mediated signaling pathway (GO:0070106),-0.3537018843170709,-0.9294719487520393,0.5806451612903226,1.0,1.0,5/15,41.82%,IL6ST;JAK1;CRLF1;CANX;JAK2,GOBP,GO_Biological_Process_2021
prerank,myeloid cell development (GO:0061515),-0.3326183557626745,-0.9317182156539652,0.5568181818181818,1.0,1.0,8/18,36.96%,KIT;ABCB10;SRC;MED1;FOXP1;SH2B3;APP;NCKAP1L,GOBP,GO_Biological_Process_2021
prerank,regulation of dendritic cell cytokine production (GO:0002730),-0.45746333255576144,-0.9359964908560561,0.5789473684210527,1.0,1.0,4/5,43.62%,KIT;SCIMP;JAK3;PLCG2,GOBP,GO_Biological_Process_2021
prerank,regulation of T cell mediated immune response to tumor cell (GO:0002840),-0.43157847530407045,-0.9378743701281902,0.5176470588235295,1.0,1.0,2/7,26.83%,AHR;HSPD1,GOBP,GO_Biological_Process_2021
prerank,positive regulation of natural killer cell activation (GO:0032816),-0.3569407389374146,-0.9434880459254531,0.5483870967741935,1.0,1.0,2/15,2.75%,IL23R;IL23A,GOBP,GO_Biological_Process_2021
prerank,cytoskeleton-dependent cytokinesis (GO:0061640),-0.2830315626089336,-0.9508101632817131,0.6020408163265306,1.0,1.0,24/56,37.54%,SNX9;ANK3;SPTBN1;EFHC2;RACGAP1;RASA1;STAMBP;SON;TTC19;KIF23;SNX18;CECR2;PDCD6IP;SPAST;EFHC1;KIF20A;IST1;CUL7;ROPN1B;APC;MYH10;ROCK1;ROCK2;USP8,GOBP,GO_Biological_Process_2021
prerank,cellular response to interleukin-7 (GO:0098761),-0.33833633619573167,-0.96093898176282,0.5824175824175825,1.0,1.0,2/16,1.38%,IL7R;IRS1,GOBP,GO_Biological_Process_2021
prerank,interleukin-7-mediated signaling pathway (GO:0038111),-0.33833633619573167,-0.96093898176282,0.5824175824175825,1.0,1.0,2/16,1.38%,IL7R;IRS1,GOBP,GO_Biological_Process_2021
prerank,positive regulation of adaptive immune response based on somatic recombination of immune receptors built from immunoglobulin superfamily domains (GO:0002824),-0.38734314050270385,-0.9618802667814628,0.5111111111111111,1.0,1.0,2/12,2.75%,IL23R;IL23A,GOBP,GO_Biological_Process_2021
prerank,positive regulation of immunoglobulin mediated immune response (GO:0002891),-0.41536252204243473,-0.9696686879520497,0.4772727272727273,1.0,1.0,5/10,20.49%,TNFSF4;RIF1;TP53BP1;PAXIP1;CD226,GOBP,GO_Biological_Process_2021
prerank,regulation of leukocyte adhesion to vascular endothelial cell (GO:1904994),-0.3954025635164389,-0.9760382295444298,0.5393258426966292,1.0,1.0,4/11,20.87%,ETS1;ZDHHC21;NFAT5;TRAF6,GOBP,GO_Biological_Process_2021
prerank,positive regulation of lymphocyte differentiation (GO:0045621),-0.3055292376797829,-0.8399015023094951,0.75,1.0,1.0,10/19,46.35%,CD27;RHOH;SYK;BTK;ZBTB1;NCKAP1L;IL4;XBP1;AXL;XRCC6,GOBP,GO_Biological_Process_2021
prerank,positive regulation of natural killer cell mediated cytotoxicity directed against tumor cell target (GO:0002860),-0.4418182885187055,-0.840997095674833,0.7012987012987013,1.0,1.0,2/5,32.11%,CD226;CRTAM,GOBP,GO_Biological_Process_2021
prerank,positive regulation of natural killer cell mediated immune response to tumor cell (GO:0002857),-0.4418182885187055,-0.840997095674833,0.7012987012987013,1.0,1.0,2/5,32.11%,CD226;CRTAM,GOBP,GO_Biological_Process_2021
prerank,regulation of immune effector process (GO:0002697),-0.2609169431370627,-0.8470732762872555,0.7244897959183674,1.0,1.0,3/40,1.83%,CR2;CD19;SUSD4,GOBP,GO_Biological_Process_2021
prerank,myeloid leukocyte mediated immunity (GO:0002444),-0.3779342723004695,-0.8528610437631529,0.6941176470588235,1.0,1.0,8/8,62.23%,IRAK4;ADAM17;IL6;KMT2E;ACE;PLA2G1B;CARD9;SERPINB9,GOBP,GO_Biological_Process_2021
prerank,regulation of interleukin-18 production (GO:0032661),-0.3743450401548554,-0.853926383931539,0.7108433734939759,1.0,1.0,3/8,33.58%,DHX9;NLRP9;CD84,GOBP,GO_Biological_Process_2021
prerank,regulation of leukocyte degranulation (GO:0043300),-0.36076462752816585,-0.8561607168841735,0.6477272727272727,1.0,1.0,4/8,30.70%,BLK;SYK;FER;C12orf4,GOBP,GO_Biological_Process_2021
prerank,positive regulation of myeloid leukocyte cytokine production involved in immune response (GO:0061081),-0.3331427812919039,-0.86103131377338,0.7282608695652174,1.0,1.0,4/14,20.39%,CAMK4;KIT;GPRC5B;MAVS,GOBP,GO_Biological_Process_2021
prerank,regulation of interleukin-1 production (GO:0032652),-0.30299962022815624,-0.866572038124044,0.6888888888888889,1.0,1.0,4/16,26.17%,CCR7;TMED10;TLR4;FOXP1,GOBP,GO_Biological_Process_2021
prerank,negative regulation of interleukin-12 production (GO:0032695),-0.31635767957841254,-0.8712427444946403,0.6419753086419753,1.0,1.0,3/14,14.83%,CCR7;SLAMF1;PIBF1,GOBP,GO_Biological_Process_2021
prerank,positive regulation of myeloid leukocyte mediated immunity (GO:0002888),-0.3471499553709647,-0.8713892606011252,0.6627906976744186,1.0,1.0,2/12,2.66%,CAMK4;STAP1,GOBP,GO_Biological_Process_2021
prerank,positive regulation of leukocyte activation (GO:0002696),-0.326778439385694,-0.8783040799409322,0.6511627906976745,1.0,1.0,4/13,26.83%,CD226;TLR4;HAVCR1;HSPD1,GOBP,GO_Biological_Process_2021
prerank,positive regulation of leukocyte cell-cell adhesion (GO:1903039),-0.3227210367769321,-0.9782728313888339,0.5591397849462365,1.0,1.0,9/27,32.67%,SIRPG;ETS1;CD47;NFAT5;TRAF6;HSPD1;CCR2;CD44;PRKCQ,GOBP,GO_Biological_Process_2021
prerank,interleukin-35-mediated signaling pathway (GO:0070757),-0.40899601464009006,-0.9824270557473921,0.48863636363636365,1.0,1.0,3/11,20.79%,IL6ST;IL12RB2;JAK1,GOBP,GO_Biological_Process_2021
prerank,regulation of adaptive immune response (GO:0002819),-0.35565837268212275,-0.9987895759280669,0.47191011235955055,1.0,1.0,5/18,19.12%,IL6ST;EIF2AK4;TNFSF4;AHR;ADCY7,GOBP,GO_Biological_Process_2021
prerank,immune response-activating cell surface receptor signaling pathway (GO:0002429),-0.2599333320322862,-0.80677005920908,0.7634408602150538,1.0,1.0,2/23,3.88%,CD19;BLK,GOBP,GO_Biological_Process_2021
prerank,myeloid cell differentiation (GO:0030099),-0.24512184937063528,-0.8080432433663329,0.8144329896907216,1.0,1.0,21/48,44.17%,KIT;TAL1;UFL1;IKZF1;MFHAS1;FLVCR1;HSPA9;TET2;SNRK;UBA5;KAT6A;NCOA6;ZBTB16;DYRK3;TIRAP;CEBPE;JAK2;CASP3;JAK3;PTPN2;PRDX3,GOBP,GO_Biological_Process_2021
prerank,regulation of myeloid cell differentiation (GO:0045637),-0.23949607444741028,-0.8120153250828978,0.8484848484848485,1.0,1.0,35/64,51.16%,L3MBTL1;WDR61;MEF2C;HSPA9;CDK6;MEIS1;TNRC6A;EP300;PRMT6;TNRC6C;RBBP5;KMT2C;CNOT4;KMT2A;CDC73;PRKCQ;RBM15;CTR9;ZBTB16;KMT2D;TNRC6B;SIN3A;PURB;AGO1;LEO1;KAT2B;PF4;KMT2E;HDAC1;GP1BA;AGO3;LYN;PTK2B;FES;CREBBP,GOBP,GO_Biological_Process_2021
prerank,negative regulation of cytokine production involved in inflammatory response (GO:1900016),-0.2782815634728106,-0.8126501595768745,0.7444444444444445,1.0,1.0,9/18,43.21%,ABCD2;PDCD4;ADCY7;CHID1;NLRC3;MEFV;TREM2;APOD;APPL2,GOBP,GO_Biological_Process_2021
prerank,positive regulation of immune response (GO:0050778),-0.24076678515977396,-0.816759048514617,0.8163265306122449,1.0,1.0,10/68,9.54%,CCR7;IL6ST;IL23R;IL23A;GPR151;EIF2AK4;MYB;DHX9;TNFSF4;POLR3B,GOBP,GO_Biological_Process_2021
prerank,response to cytokine (GO:0034097),-0.22867914455451777,-0.8207578542550997,0.88,1.0,1.0,31/135,27.64%,CCR7;LEF1;AFF3;LDLRAP1;IL6ST;AKAP6;PRKCA;IL23R;PTPN13;CD40;BCL2;MAPK8;CYP27B1;MAP4K3;CIITA;KLHL20;IFNAR2;SMAD3;TRIM56;TRIM32;NFAT5;YTHDC2;IFNLR1;TRAF6;IKBKE;PID1;IGBP1;SETD2;SRC;GGT7;IL6R,GOBP,GO_Biological_Process_2021
prerank,regulation of leukocyte chemotaxis (GO:0002688),-0.30325128956392666,-0.822464832727485,0.75,1.0,1.0,11/16,50.24%,MTUS1;SLC8B1;F2RL1;IL6R;F7;ADAM17;IL6;CAMK1D;MST1;LYN;PTK2B,GOBP,GO_Biological_Process_2021
prerank,negative regulation of production of molecular mediator of immune response (GO:0002701),-0.3502860551398207,-0.8230425495085584,0.7380952380952381,1.0,1.0,1/8,0.88%,CD22,GOBP,GO_Biological_Process_2021
prerank,leukocyte tethering or rolling (GO:0050901),-0.2974775718935757,-0.8231731870201919,0.7362637362637363,1.0,1.0,2/17,1.50%,ADD2;PODXL2,GOBP,GO_Biological_Process_2021
prerank,anterograde dendritic transport of neurotransmitter receptor complex (GO:0098971),-0.41796565412914577,-0.8236667678258087,0.7887323943661971,1.0,1.0,4/5,41.84%,KIF5C;KIF5B;KIF3B;KIF5A,GOBP,GO_Biological_Process_2021
prerank,anterograde dendritic transport (GO:0098937),-0.41796565412914577,-0.8236667678258087,0.7887323943661971,1.0,1.0,4/5,41.84%,KIF5C;KIF5B;KIF3B;KIF5A,GOBP,GO_Biological_Process_2021
prerank,regulation of T cell cytokine production (GO:0002724),-0.2639970493285279,-0.7580226482333621,0.6923076923076923,1.0,1.0,5/19,28.61%,MALT1;TNFSF4;TRAF6;CCR2;MAP3K7,GOBP,GO_Biological_Process_2021
prerank,regulation of leukocyte mediated cytotoxicity (GO:0001910),-0.3241171435390293,-0.7659380317516951,0.7468354430379747,1.0,1.0,5/9,48.89%,DNASE1L3;LEP;PIK3R6;DNASE1;NOS2,GOBP,GO_Biological_Process_2021
prerank,regulation of cytokine production (GO:0001817),-0.21528544221314644,-0.7729315584390893,0.92,1.0,1.0,43/132,37.89%,CCR7;CD28;RGCC;LGR4;TXK;TMIGD2;IRF8;HILPDA;TNFSF4;DTX4;ICOSLG;TRAF3;C1QTNF3;ITK;HHLA2;KAT2A;PLD4;CD47;TRIM56;TRIM32;RPS6KA5;PIK3CD;ATP2B1;LEP;POLA1;FOXP1;HDAC9;CCR2;BTNL3;LRRC19;LTF;ERMAP;CRTAM;CD276;AFAP1L2;N4BP1;IGF2BP3;GLMN;MAPK14;PTPRC;IL6;ADRA2A;PIK3CG,GOBP,GO_Biological_Process_2021
prerank,regulation of lymphocyte activation (GO:0051249),-0.29483418665338623,-0.7750142885793185,0.7666666666666667,1.0,1.0,3/15,12.92%,CD19;PAG1;KAT2A,GOBP,GO_Biological_Process_2021
prerank,adaptive immune response based on somatic recombination of immune receptors built from immunoglobulin superfamily domains (GO:0002460),-0.2725313979552363,-0.7752579097303592,0.8152173913043478,1.0,1.0,2/20,4.55%,BACH2;MSH2,GOBP,GO_Biological_Process_2021
prerank,negative regulation of myeloid leukocyte differentiation (GO:0002762),-0.26808565444980637,-0.7798585080934877,0.8387096774193549,1.0,1.0,7/25,23.80%,MYC;LRRC17;GPR55;CDK6;ZNF675;TLR4;HOXA7,GOBP,GO_Biological_Process_2021
prerank,positive regulation of myeloid cell differentiation (GO:0045639),-0.24194457835712363,-0.782175178085004,0.8229166666666666,1.0,1.0,24/34,61.23%,ETS1;TAL1;ZNF16;ABCB10;MED1;MTURN;FAXDC2;HIF1A;BRD1;STAT5B;MAPK14;NCKAP1L;ARNT;ACVR2A;PITHD1;FES;FAM210B;ACVR1B;STAT3;CSF3;PRKDC;FOXO3;HSPA1A;SCIN,GOBP,GO_Biological_Process_2021
prerank,regulation of monocyte differentiation (GO:0045655),-0.3084111993804373,-0.7854936209415248,0.75,1.0,1.0,4/15,26.17%,MYC;CDK6;HOXA7;FOXP1,GOBP,GO_Biological_Process_2021
prerank,leukocyte adhesion to vascular endothelial cell (GO:0061756),-0.2814540974323939,-0.7891263219133846,0.7717391304347826,1.0,1.0,2/18,1.50%,ADD2;PODXL2,GOBP,GO_Biological_Process_2021
prerank,positive regulation of lymphocyte proliferation (GO:0050671),-0.23277884817785094,-0.793151793220921,0.82,1.0,1.0,9/70,9.37%,CD28;IL6ST;TNFRSF13C;IL23R;IL23A;CD40LG;CD40;BCL2;TNFSF4,GOBP,GO_Biological_Process_2021
prerank,regulation of chemokine (C-X-C motif) ligand 2 production (GO:2000341),-0.3218707130194192,-0.8033667625030869,0.797752808988764,1.0,1.0,6/12,42.35%,TLR4;FOXP1;F2RL1;TIRAP;MBP;MAP2K5,GOBP,GO_Biological_Process_2021
prerank,leukocyte cell-cell adhesion (GO:0007159),-0.26091528841003586,-0.806263991928559,0.7444444444444445,1.0,1.0,2/24,3.35%,NT5E;CD40LG,GOBP,GO_Biological_Process_2021
prerank,mitotic cytokinetic process (GO:1902410),-0.2550211186884202,-0.7276561138885611,0.7865168539325843,1.0,1.0,4/20,23.19%,CHMP7;VPS4B;PDCD6IP;KIF20A,GOBP,GO_Biological_Process_2021
prerank,negative regulation of cytokine production (GO:0001818),-0.19673417821645572,-0.7288515324017631,0.94,1.0,1.0,14/166,6.35%,CCR7;LEF1;FOXJ1;RGCC;DLL1;CD200;IL23R;TRIB2;LGR4;IL23A;CD200R1;RNF216;ABCD2;PDCD4,GOBP,GO_Biological_Process_2021
prerank,positive regulation of interleukin-5 production (GO:0032754),-0.37067951414774725,-0.7339253172178265,0.821917808219178,1.0,1.0,1/5,28.67%,PDE4D,GOBP,GO_Biological_Process_2021
prerank,positive regulation of response to cytokine stimulus (GO:0060760),-0.28031599550644826,-0.7412196546277913,0.8901098901098901,1.0,1.0,4/14,29.73%,TRIM44;DHX9;MAVS;LRRC70,GOBP,GO_Biological_Process_2021
prerank,positive regulation of dendritic spine morphogenesis (GO:0061003),-0.31693214260233493,-0.7428536322332201,0.8837209302325582,1.0,1.0,3/10,16.44%,BHLHB9;CUX2;CAPRIN1,GOBP,GO_Biological_Process_2021
prerank,regulation of type 2 immune response (GO:0002828),-0.34495976744819545,-0.7439120765318913,0.8260869565217391,1.0,1.0,2/6,27.44%,TNFSF4;CCR2,GOBP,GO_Biological_Process_2021
prerank,positive regulation of chemokine (C-X-C motif) ligand 2 production (GO:2000343),-0.354216968410396,-0.7458276072385361,0.8421052631578947,1.0,1.0,3/6,41.54%,TLR4;TIRAP;MBP,GOBP,GO_Biological_Process_2021
prerank,negative regulation of macrophage cytokine production (GO:0010936),-0.3628574856552894,-0.7496024702249608,0.75,1.0,1.0,1/5,6.79%,TGFB3,GOBP,GO_Biological_Process_2021
prerank,myeloid leukocyte differentiation (GO:0002573),-0.22164856247142617,-0.7547121361000478,0.86,1.0,1.0,7/69,9.72%,CCR7;LEF1;CAMK4;TGFBR2;KIT;PARP1;FARP2,GOBP,GO_Biological_Process_2021
prerank,regulation of innate immune response (GO:0045088),-0.21923934968747327,-0.7579696977645303,0.9090909090909091,1.0,1.0,27/61,43.21%,BIRC3;APPL1;DHX9;POLR3B;ABCE1;SAMHD1;CD1D;POLR3D;IFNAR2;POLR3C;POLR3G;XIAP;POLR3F;PTPN1;TLR8;BIRC2;IFNK;PTPN11;N4BP1;NLRC3;TIRAP;RNASEL;FPR2;RIOK3;TREM2;CACTIN;APPL2,GOBP,GO_Biological_Process_2021
prerank,"antigen processing and presentation, endogenous lipid antigen via MHC class Ib (GO:0048006)",-0.383536859821221,-0.7579749823153721,0.7857142857142857,1.0,1.0,1/5,13.51%,CD1D,GOBP,GO_Biological_Process_2021
prerank,"antigen processing and presentation, exogenous lipid antigen via MHC class Ib (GO:0048007)",-0.383536859821221,-0.7579749823153721,0.7857142857142857,1.0,1.0,1/5,13.51%,CD1D,GOBP,GO_Biological_Process_2021
prerank,antigen processing and presentation of lipid antigen via MHC class Ib (GO:0048003),-0.383536859821221,-0.7579749823153721,0.7857142857142857,1.0,1.0,1/5,13.51%,CD1D,GOBP,GO_Biological_Process_2021
prerank,negative regulation of interleukin-6 production (GO:0032715),-0.31911304389125283,-1.0008267812367355,0.48936170212765956,1.0,1.0,5/27,12.40%,FOXJ1;CD200;CD200R1;C1QTNF3;SLAMF1,GOBP,GO_Biological_Process_2021
prerank,mitotic cytokinesis (GO:0000281),-0.30801792482641766,-1.0041557959274001,0.47474747474747475,1.0,1.0,15/47,23.19%,SNX9;ANK3;SPTBN1;EFHC2;RACGAP1;RASA1;STAMBP;SON;TTC19;KIF23;SNX18;PDCD6IP;SPAST;EFHC1;KIF20A,GOBP,GO_Biological_Process_2021
prerank,antiviral innate immune response (GO:0140374),-0.3660025875033458,-1.004383799721786,0.47126436781609193,1.0,1.0,2/14,3.07%,AKAP1;NLRP1,GOBP,GO_Biological_Process_2021
prerank,regulation of leukocyte activation (GO:0002694),-0.37677221642662984,-1.0088456360313842,0.4782608695652174,1.0,1.0,6/14,40.08%,CD200;MFHAS1;MYO18A;SHPK;PLA2G10;PJA2,GOBP,GO_Biological_Process_2021
prerank,regulation of interleukin-13 production (GO:0032656),-0.37387743915213834,-1.0114211284764842,0.47674418604651164,1.0,1.0,2/15,9.37%,LEF1;TNFSF4,GOBP,GO_Biological_Process_2021
prerank,positive regulation of interleukin-10 production (GO:0032733),-0.3192019395117829,-1.0118094810104694,0.4639175257731959,1.0,1.0,12/31,30.45%,CD28;IL23A;CD40LG;TNFSF4;CD34;PIBF1;SYK;TLR4;HSPD1;F2RL1;IRF4;CD46,GOBP,GO_Biological_Process_2021
prerank,mature B cell differentiation involved in immune response (GO:0002313),-0.4281248190184349,-1.014987770800762,0.5357142857142857,1.0,1.0,6/12,26.30%,DLL1;POU2AF1;DOCK10;LFNG;DOCK11;NOTCH2,GOBP,GO_Biological_Process_2021
prerank,regulation of dendritic spine morphogenesis (GO:0061001),-0.330862615842067,-1.0173750343839443,0.4895833333333333,1.0,1.0,19/31,45.07%,EFNA1;EPHA4;LZTS3;ZDHHC15;ABI2;BHLHB9;CUX2;CAPRIN1;ARHGAP44;PDLIM5;SHANK3;TANC2;DHX36;CDK5R1;CAPRIN2;SIPA1L1;NGEF;LRP8;LRRK2,GOBP,GO_Biological_Process_2021
prerank,positive regulation of adaptive immune response (GO:0002821),-0.4528962540404578,-1.0323000219185259,0.3974358974358974,1.0,1.0,2/8,7.68%,IL6ST;EIF2AK4,GOBP,GO_Biological_Process_2021
prerank,regulation of chemokine-mediated signaling pathway (GO:0070099),-0.4530784022806419,-1.0352102742446452,0.44594594594594594,1.0,1.0,4/8,33.43%,ROBO1;EDN1;HIF1A;SH2B3,GOBP,GO_Biological_Process_2021
prerank,regulation of immunoglobulin mediated immune response (GO:0002889),-0.5130544777634756,-1.035976006501951,0.46835443037974683,1.0,1.0,2/5,20.49%,TNFSF4;CD226,GOBP,GO_Biological_Process_2021
prerank,neutrophil extravasation (GO:0072672),-0.33991441255511556,-0.6879647194853221,0.8933333333333333,1.0,1.0,2/5,37.89%,PIK3CD;PIK3CG,GOBP,GO_Biological_Process_2021
prerank,positive regulation of interleukin-17 production (GO:0032740),-0.2546921333948918,-0.6990493471545561,0.9139784946236559,1.0,1.0,3/21,10.14%,IL23R;IL23A;LY9,GOBP,GO_Biological_Process_2021
prerank,regulation of interleukin-17 production (GO:0032660),-0.23312677395039638,-0.6994453109669323,0.9072164948453608,1.0,1.0,4/29,10.14%,IL23R;IL23A;TNFSF4;LY9,GOBP,GO_Biological_Process_2021
prerank,negative regulation of mast cell activation (GO:0033004),-0.3260863855015452,-0.7056751117340619,0.85,1.0,1.0,3/6,36.79%,FER;CD84;ENPP3,GOBP,GO_Biological_Process_2021
prerank,regulation of mast cell activation (GO:0033003),-0.3075943863512315,-0.7094523479212759,0.8674698795180723,1.0,1.0,7/8,61.26%,CD226;HAVCR1;CD84;LYN;CD300LF;TSLP;PLSCR1,GOBP,GO_Biological_Process_2021
prerank,positive regulation of cytokine production (GO:0001819),-0.19428063105109092,-0.7103711772255327,0.99,1.0,1.0,97/301,37.89%,CCR7;CD28;RGCC;IL6ST;CD200;IL23R;IL23A;POU2AF1;CD40LG;TXK;CD40;TMIGD2;MALT1;SPTBN1;HILPDA;EIF2AK3;IL12RB2;APPL1;DHX9;TNFSF4;POLR3B;CD34;LY9;CTNNB1;POLR3E;C1QTNF3;FLT4;POLR3H;ITK;TMED10;HHLA2;KAT2A;SETD4;TLR7;POLR3D;PIBF1;SORL1;G3BP1;IL16;RASGRP1;POLR3C;LACC1;CYP1B1;MAVS;CD226;TRAF6;SYK;PIK3CD;POLR3G;TLR4;XRCC5;TLR1;EP300;TLR5;CD80;POLR3F;LEP;FOXP1;HSPD1;PDE4B;AIRE;CCR2;F2RL1;IL6R;IRF4;PLCB1;MAP3K7;PDE4D;NLRP9;TLR8;CD46;HPSE;POLR3A;MMP8;RORA;NFKB1;CRTAM;HIF1A;PTPN11;PRKCQ;POLR1C;CD276;BRCA1;AFAP1L2;APP;GLMN;ADAM17;MAPK14;TIRAP;PTPRC;IL6;RFTN1;ROCK2;DHX33;DHX36;ADRA2A;PIK3CG,GOBP,GO_Biological_Process_2021
prerank,positive regulation of immune effector process (GO:0002699),-0.23469653698878262,-0.7103935053039724,0.8367346938775511,1.0,1.0,11/29,37.17%,IL23R;IL23A;MYB;TNFSF4;MYO18A;USP17L2;CCR2;CD46;ANKRD17;PTPRJ;PTPRC,GOBP,GO_Biological_Process_2021
prerank,regulation of lymphocyte proliferation (GO:0050670),-0.26797484392370463,-0.7168216791877914,0.8222222222222222,1.0,1.0,3/17,15.38%,CD22;TNFSF8;AHR,GOBP,GO_Biological_Process_2021
prerank,regulation of mast cell activation involved in immune response (GO:0033006),-0.2888254570610373,-0.7172126846645988,0.8452380952380952,1.0,1.0,7/10,50.29%,BLK;FER;C12orf4;ENPP3;SPHK2;LYN;FES,GOBP,GO_Biological_Process_2021
prerank,regulation of cytokine production involved in inflammatory response (GO:1900015),-0.22042094171097593,-0.7190201977159454,0.8556701030927835,1.0,1.0,21/40,48.89%,ABCD2;PDCD4;APPL1;PLD4;ADCY7;TLR4;LEP;HIF1A;CHID1;NLRC3;MAPK14;IL6;CD6;MEFV;TREM2;APOD;APPL2;TLR6;IL17D;NOD2;NOS2,GOBP,GO_Biological_Process_2021
prerank,negative regulation of leukocyte chemotaxis (GO:0002689),-0.27414242827865964,-0.6392664930838898,0.9240506329113924,1.0,1.0,2/9,16.41%,STAP1;NBL1,GOBP,GO_Biological_Process_2021
prerank,negative regulation of leukocyte proliferation (GO:0070664),-0.3037482677012651,-0.641411703450667,0.9156626506024096,1.0,1.0,1/6,3.88%,BLK,GOBP,GO_Biological_Process_2021
prerank,positive regulation of cytokine production involved in inflammatory response (GO:1900017),-0.23969598377317122,-0.6431183577497773,0.8539325842696629,1.0,1.0,12/15,57.31%,APPL1;TLR4;HIF1A;IL6;CD6;TLR6;IL17D;NOD2;STAT3;CLEC7A;CARD9;IL17RA,GOBP,GO_Biological_Process_2021
prerank,positive regulation of lymphocyte activation (GO:0051251),-0.21370826114767613,-0.6545729190719886,0.946236559139785,1.0,1.0,4/32,14.03%,SIRPG;IL23A;TNFSF4;CD47,GOBP,GO_Biological_Process_2021
prerank,positive regulation of interleukin-13 production (GO:0032736),-0.2598058279352854,-0.6588195516776462,0.9195402298850575,1.0,1.0,5/11,50.86%,TNFSF4;IRF4;IL4;SPHK2;HLA-E,GOBP,GO_Biological_Process_2021
prerank,regulation of natural killer cell activation (GO:0032814),-0.26662091195735316,-0.6589398122917349,0.8850574712643678,1.0,1.0,3/12,25.52%,IL23A;PIBF1;LEP,GOBP,GO_Biological_Process_2021
prerank,lymphocyte activation involved in immune response (GO:0002285),-0.24891591175767208,-0.659578668556459,0.8709677419354839,1.0,1.0,5/14,36.69%,EIF2AK4;IFNE;F2RL1;IFNK;IFNA5,GOBP,GO_Biological_Process_2021
prerank,positive regulation of leukocyte apoptotic process (GO:2000108),-0.2803325550950474,-0.6619238703731009,0.8421052631578947,1.0,1.0,4/11,21.63%,BLK;PIK3CB;MEF2C;PIK3CD,GOBP,GO_Biological_Process_2021
prerank,negative regulation of mast cell activation involved in immune response (GO:0033007),-0.337038942024559,-0.6655634948574135,0.9027777777777778,1.0,1.0,3/5,36.79%,FER;CD84;ENPP3,GOBP,GO_Biological_Process_2021
prerank,positive regulation of immune response to tumor cell (GO:0002839),-0.3406640373473485,-0.6660922328778036,0.9156626506024096,1.0,1.0,1/5,26.83%,HSPD1,GOBP,GO_Biological_Process_2021
prerank,regulation of natural killer cell mediated cytotoxicity directed against tumor cell target (GO:0002858),-0.3210623841877702,-0.6687949824412585,0.9240506329113924,1.0,1.0,6/6,67.91%,CD226;CRTAM;CEACAM1;IL12B;PVR;IL12A,GOBP,GO_Biological_Process_2021
prerank,positive regulation of dendritic spine development (GO:0060999),-0.23873375796662566,-0.6783596951059038,0.8958333333333334,1.0,1.0,4/22,16.44%,SHANK1;BHLHB9;CUX2;CAPRIN1,GOBP,GO_Biological_Process_2021
prerank,negative regulation of cytokine-mediated signaling pathway (GO:0001960),-0.20089764171009308,-0.6862527726231926,0.8762886597938144,1.0,1.0,18/49,44.38%,ROBO1;STAP1;SAMHD1;CNOT7;YTHDF3;ZNF675;YTHDF2;METTL3;OTUD4;F2RL1;SH2B3;PTPRC;IL6;PELI3;TREM2;CACTIN;PTPN2;RFFL,GOBP,GO_Biological_Process_2021
prerank,regulation of chemokine (C-C motif) ligand 5 production (GO:0071649),-0.5038919218132674,-1.0364977793651367,0.4084507042253521,1.0,1.0,2/6,20.95%,MAVS;DDX3X,GOBP,GO_Biological_Process_2021
prerank,positive regulation of T-helper 1 type immune response (GO:0002827),-0.42334249933297496,-1.0367662036908483,0.4470588235294118,1.0,1.0,2/11,2.75%,IL23R;IL23A,GOBP,GO_Biological_Process_2021
prerank,regulation of dendritic spine development (GO:0060998),-0.3823539210672897,-1.0458380239519698,0.45454545454545453,1.0,1.0,7/19,28.64%,SHANK1;PTPRS;GRIN3A;MEF2C;SHANK3;NEURL1;TANC2,GOBP,GO_Biological_Process_2021
prerank,regulation of interleukin-12 production (GO:0032655),-0.31065715344953004,-1.0500672585067627,0.45918367346938777,1.0,1.0,16/48,29.49%,CCR7;IL23R;IL23A;CD40LG;CD40;TNFSF4;SLAMF1;CD47;PIBF1;IL16;SYK;TLR4;FOXP1;HSPD1;PLCB1;TLR8,GOBP,GO_Biological_Process_2021
prerank,immunoglobulin mediated immune response (GO:0016064),-0.43824500493115176,-1.0543805822669847,0.43902439024390244,1.0,1.0,2/10,1.64%,CD27;CD19,GOBP,GO_Biological_Process_2021
prerank,myeloid dendritic cell activation (GO:0001773),-0.39889873325895503,-1.0576315269610745,0.42857142857142855,1.0,1.0,4/13,20.49%,CAMK4;TGFBR2;SLAMF1;DOCK2,GOBP,GO_Biological_Process_2021
prerank,regulation of lymphocyte apoptotic process (GO:0070228),-0.4746005558766344,-1.0577552633052845,0.38961038961038963,1.0,1.0,2/8,3.88%,CD3G;BLK,GOBP,GO_Biological_Process_2021
prerank,negative regulation of lymphocyte activation (GO:0051250),-0.3874934982594084,-1.0603930306925906,0.42045454545454547,1.0,1.0,4/19,14.83%,FOXJ1;BANK1;PAG1;PIBF1,GOBP,GO_Biological_Process_2021
prerank,negative regulation of lymphocyte proliferation (GO:0050672),-0.18807439547949606,-0.5769811512033104,0.9494949494949495,1.0,1.0,3/35,5.16%,CTLA4;BLK;ATM,GOBP,GO_Biological_Process_2021
prerank,response to chemokine (GO:1990868),-0.2170235039621181,-0.5786549531612556,0.9565217391304348,1.0,1.0,8/12,57.19%,SLC12A2;LRCH1;SH2B3;DOCK8;DUSP1;WNK1;OXSR1;CCL21,GOBP,GO_Biological_Process_2021
prerank,interleukin-9-mediated signaling pathway (GO:0038113),-0.26399235505158847,-0.5815223570684406,0.975,1.0,1.0,4/7,42.76%,JAK1;STAT5B;STAT5A;JAK3,GOBP,GO_Biological_Process_2021
prerank,cellular response to interleukin-9 (GO:0071355),-0.26399235505158847,-0.5815223570684406,0.975,1.0,1.0,4/7,42.76%,JAK1;STAT5B;STAT5A;JAK3,GOBP,GO_Biological_Process_2021
prerank,positive regulation of interleukin-6 production (GO:0032755),-0.1726736086107565,-0.5839422620104884,0.9897959183673469,1.0,1.0,32/65,48.89%,POU2AF1;DHX9;TNFSF4;SETD4;TLR7;IL16;MAVS;SYK;TLR4;TLR1;LEP;HSPD1;F2RL1;IL6R;TLR8;MMP8;PTPN11;APP;TIRAP;IL6;TMEM106A;SCIMP;MBP;PLCG2;XBP1;SPHK2;TLR6;ARHGEF2;IL17D;DDX58;NOD2;NOS2,GOBP,GO_Biological_Process_2021
prerank,positive regulation of leukocyte chemotaxis (GO:0002690),-0.18335052113719863,-0.5902541997515844,0.9797979797979798,1.0,1.0,2/47,0.27%,CCR7;CCR6,GOBP,GO_Biological_Process_2021
prerank,positive regulation of leukocyte adhesion to vascular endothelial cell (GO:1904996),-0.2286846176761464,-0.6085070010524548,0.9456521739130435,1.0,1.0,5/15,37.31%,ETS1;NFAT5;TRAF6;FUT4;IL6,GOBP,GO_Biological_Process_2021
prerank,regulation of response to cytokine stimulus (GO:0060759),-0.22560766243350514,-0.6091954686187597,0.9555555555555556,1.0,1.0,9/19,47.57%,DHX9;CD24;MAVS;LRRC70;SH2B3;MAP2K5;ELF1;IRAK2;DDX58,GOBP,GO_Biological_Process_2021
prerank,regulation of chemokine production (GO:0032642),-0.1935303929121977,-0.609321187452879,0.9270833333333334,1.0,1.0,11/37,37.31%,TNFSF4;TLR7;TLR4;FOXP1;AIRE;F2RL1;IL6R;HIF1A;APP;ADAM17;IL6,GOBP,GO_Biological_Process_2021
prerank,mast cell degranulation (GO:0043303),-0.2734895253456343,-0.6140086154725101,0.9146341463414634,1.0,1.0,2/8,21.63%,KIT;PIK3CD,GOBP,GO_Biological_Process_2021
prerank,mast cell activation involved in immune response (GO:0002279),-0.2734895253456343,-0.6140086154725101,0.9146341463414634,1.0,1.0,2/8,21.63%,KIT;PIK3CD,GOBP,GO_Biological_Process_2021
prerank,negative regulation of inflammatory response to antigenic stimulus (GO:0002862),-0.17901798194854476,-0.6173297225530181,0.98989898989899,1.0,1.0,42/103,43.62%,GPR150;PLCG1;VIPR1;CD3G;ADCY3;PRKAR2B;ADORA2A;HTR6;CYSLTR2;PRKACB;P2RY11;CYSLTR1;RXFP2;PTH2R;CREB1;GPR176;ADCY7;SYK;HTR7;SRC;CALCRL;PRKAR1A;PRKACG;GPHA2;ADCY6;GHRH;HRH2;PRKAR2A;GLP1R;ADAM17;MAPK14;IL6;ADCY5;CALCA;GPR20;AVPR2;RLN3;TREM2;MC2R;PTGER4;MYH9;PLCG2,GOBP,GO_Biological_Process_2021
prerank,positive regulation of chemokine production (GO:0032722),-0.19686241493229503,-0.6206809094713298,0.96875,1.0,1.0,14/44,37.31%,TNFSF4;TLR7;MAVS;DDX3X;SYK;TLR4;AIRE;F2RL1;IL6R;HIF1A;APP;ADAM17;TIRAP;IL6,GOBP,GO_Biological_Process_2021
prerank,positive regulation of cytokine production involved in immune response (GO:0002720),-0.20335979062221765,-0.6270462882950818,0.8888888888888888,1.0,1.0,8/29,28.61%,MALT1;KIT;TNFSF4;LACC1;CD226;TRAF6;F2RL1;MAP3K7,GOBP,GO_Biological_Process_2021
prerank,regulation of inflammatory response to antigenic stimulus (GO:0002861),-0.184300094251671,-0.6355134004462764,0.9797979797979798,1.0,1.0,43/104,43.62%,GPR150;PLCG1;VIPR1;CD3G;ADCY3;PRKAR2B;ADORA2A;HTR6;CYSLTR2;PRKACB;P2RY11;CYSLTR1;RXFP2;PTH2R;CREB1;GPR176;ADCY7;SYK;HTR7;SRC;CALCRL;PRKAR1A;PRKACG;GPHA2;ADCY6;GHRH;HRH2;PRKAR2A;GLP1R;ADAM17;MAPK14;IL6;ADCY5;PLA2G2D;CALCA;GPR20;AVPR2;RLN3;TREM2;MC2R;PTGER4;MYH9;PLCG2,GOBP,GO_Biological_Process_2021
prerank,interleukin-21-mediated signaling pathway (GO:0038114),-0.23529064569020985,-0.4971157350620041,0.9871794871794872,1.0,1.0,5/7,53.85%,JAK1;JAK3;IL21R;STAT3;STAT4,GOBP,GO_Biological_Process_2021
prerank,negative regulation of immune response (GO:0050777),-0.14227500665584988,-0.5056866607827584,1.0,1.0,1.0,53/140,43.62%,GPR150;PLCG1;VIPR1;CD3G;ADCY3;PRKAR2B;ADORA2A;HTR6;CYSLTR2;PRKACB;P2RY11;CYSLTR1;MAPKBP1;RXFP2;PTH2R;CREB1;GPR176;ADCY7;SYK;HTR7;SRC;TRAF3IP1;CALCRL;FER;CCR2;PRKAR1A;PRKACG;GPHA2;ITCH;ADCY6;GHRH;PPM1B;HRH2;PRKAR2A;GLP1R;ADAM17;NLRC3;MAPK14;ENPP3;IL6;ADCY5;C1QBP;CALCA;GPR20;AVPR2;RLN3;TREM2;MC2R;PTGER4;CACTIN;MYH9;ALOX15;PLCG2,GOBP,GO_Biological_Process_2021
prerank,positive regulation of T cell cytokine production (GO:0002726),-0.16927756308305975,-0.5117200517195908,0.989247311827957,1.0,1.0,6/21,37.31%,MALT1;TNFSF4;TRAF6;MAP3K7;DENND1B;IL6,GOBP,GO_Biological_Process_2021
prerank,antigen processing and presentation of endogenous peptide antigen via MHC class I (GO:0019885),-0.21869606834106564,-0.5142420410724557,0.9753086419753086,1.0,1.0,4/8,51.56%,IDE;ABCB9;ERAP2;ERAP1,GOBP,GO_Biological_Process_2021
prerank,positive regulation of leukocyte proliferation (GO:0070665),0.1708717273539141,0.527656919878004,1.0,1.0,1.0,3/11,11.19%,MAPK3;BST2;CSF1,GOBP,GO_Biological_Process_2021
prerank,regulation of interleukin-6 production (GO:0032675),-0.151867745897344,-0.5419310434075223,1.0,1.0,1.0,42/95,47.79%,FOXJ1;CD200;POU2AF1;CD200R1;DHX9;TNFSF4;C1QTNF3;SLAMF1;SETD4;TLR7;CD47;IL16;MAVS;SYK;TLR4;TLR1;LEP;HSPD1;F2RL1;IL6R;TLR8;MMP8;PTPN11;AFAP1L2;APP;NLRC3;TIRAP;NCKAP1L;IL6;TMEM106A;SCIMP;MBP;TREM2;PLCG2;XBP1;SPHK2;TLR6;ARHGEF2;ARRB1;IL17D;DDX58;NOD2,GOBP,GO_Biological_Process_2021
prerank,regulation of interleukin-2 production (GO:0032663),-0.17064565325869951,-0.5431742173781352,0.9696969696969697,1.0,1.0,12/47,28.67%,CD28;MALT1;SPTBN1;CD34;TRAF6;CD80;PDE4B;HOMER2;CCR2;IRF4;MAP3K7;PDE4D,GOBP,GO_Biological_Process_2021
prerank,negative regulation of myeloid cell differentiation (GO:0045638),-0.1831192151160581,-0.5468933545566915,0.978494623655914,1.0,1.0,7/21,34.48%,WDR61;HSPA9;CDK6;MEIS1;CDC73;CTR9;ZBTB16,GOBP,GO_Biological_Process_2021
prerank,regulation of mast cell degranulation (GO:0043304),-0.20681266753133493,-0.5556038678143702,0.9659090909090909,1.0,1.0,9/15,50.29%,BLK;SYK;FER;C12orf4;CD84;IL4;SPHK2;LYN;FES,GOBP,GO_Biological_Process_2021
prerank,T cell activation involved in immune response (GO:0002286),-0.2041142388753504,-0.5578305018444111,0.9425287356321839,1.0,1.0,2/18,7.88%,EIF2AK4;IFNE,GOBP,GO_Biological_Process_2021
prerank,negative regulation of innate immune response (GO:0045824),-0.17842003816807891,-0.5733227106713237,0.9897959183673469,1.0,1.0,6/36,24.25%,SUSD4;SAMHD1;CNOT7;YTHDF3;YTHDF2;METTL3,GOBP,GO_Biological_Process_2021
prerank,mast cell mediated immunity (GO:0002448),-0.24823958590801892,-0.5735777248922396,0.9518072289156626,1.0,1.0,2/9,21.63%,KIT;PIK3CD,GOBP,GO_Biological_Process_2021
prerank,positive regulation of mast cell activation involved in immune response (GO:0033008),-0.28780587066980623,-0.5744250692212601,0.9466666666666667,1.0,1.0,3/5,44.24%,SYK;IL4;SPHK2,GOBP,GO_Biological_Process_2021
prerank,interleukin-2-mediated signaling pathway (GO:0038110),-0.22632901715458836,-0.574928896765822,0.9325842696629213,1.0,1.0,6/11,42.76%,JAK1;SYK;IL2RA;STAT5B;STAT5A;JAK3,GOBP,GO_Biological_Process_2021
prerank,cellular response to interleukin-2 (GO:0071352),-0.22632901715458836,-0.574928896765822,0.9325842696629213,1.0,1.0,6/11,42.76%,JAK1;SYK;IL2RA;STAT5B;STAT5A;JAK3,GOBP,GO_Biological_Process_2021
prerank,negative regulation of interleukin-17 production (GO:0032700),-0.23760462998060333,-0.5754582142097809,1.0,1.0,1.0,2/9,21.95%,TNFSF4;TLR4,GOBP,GO_Biological_Process_2021
prerank,Antigen Processing: Ubiquitination And Proteasome Degradation R-HSA-983168,-0.27766320013356627,-1.023719666837122,0.45,1.0,1.0,133/288,42.47%,LMO7;KLHL3;FBXO15;KLHL13;DZIP3;KLHL9;ASB16;SKP2;ASB14;NEDD4L;FBXL13;BLMH;TPP2;BTRC;KBTBD8;SH3RF1;KLHL42;TRIM9;KBTBD7;PSMA8;WWP1;CUL2;UBE2O;UBE3A;KCTD7;KBTBD6;TRIM69;UBE3D;FBXO21;FBXL4;KLHL20;FBXO22;LTN1;FBXW11;RPS27A;UBE4A;UFL1;TRIM63;FBXL22;RLIM;CUL5;SMURF2;CUL3;UBE2H;BTBD1;TRIM32;KLHL5;DET1;HECTD1;TRIM4;RNF6;FBXL3;HERC1;KLHL25;ANAPC5;HECTD2;ANAPC4;FBXL16;RNF138;AREL1;HERC3;LONRF1;PJA1;HERC4;KLHL11;ASB9;FBXW8;RNF111;UBR1;KLHL41;LNPEP;FBXO32;UBE2Q2;FBXO4;ASB7;UBA5;CDC16;CDC27;UBA6;LNX1;CDC23;FBXO9;UBE3C;ITCH;HACE1;TRIP12;CUL7;ASB8;KLHL22;KLHL2;HERC2;UBE2D4;PSMD14;LRR1;SMURF1;FBXO27;PSME4;UBE2W;FBXO11;RNF41;VHL;NEDD4;ANAPC10;RNF34;FBXO41;PSMD6;ZBTB16;RNF14;TRIM37;RNF182;UBA3;GLMN;UNKL;PSMA3;TRIM50;ANAPC1;HUWE1;PSMD12;CBLB;ASB13;PJA2;UBR4;UBE2G1;KCTD6;UBR2;ZNRF2;PSMA1;FBXL18;FBXO31;PSMB5;FBXW2;UBE3B;LRRC41,Reactome,Reactome_2022
prerank,Interleukin-6 Signaling R-HSA-1059683,-0.4601298784248786,-1.1146541954559985,0.34523809523809523,1.0,1.0,7/11,41.82%,IL6ST;JAK1;CBL;IL6R;PTPN11;IL6;JAK2,Reactome,Reactome_2022
prerank,Interleukin-23 Signaling R-HSA-9020933,-0.4863640456257216,-1.1407711940550953,0.25301204819277107,1.0,1.0,2/9,2.75%,IL23R;IL23A,Reactome,Reactome_2022
prerank,regulation of cytokine-mediated signaling pathway (GO:0001959),-0.1187275724962573,-0.4002090714090091,1.0,1.0,1.0,27/70,48.45%,BIRC3;TRIM44;ABCE1;CD24;IFNAR2;CYLD;JAK1;SYK;TRAF1;SPPL2A;PTPN1;BIRC2;CLIP3;PTPN11;IKBKB;HIPK1;PTPRC;RNASEL;OTULIN;JAK2;PTPN2;ELF1;IRAK2;AXL;CHUK;VRK2;SPATA2,GOBP,GO_Biological_Process_2021
prerank,cellular response to cytokine stimulus (GO:0071345),-0.12636732092371394,-0.4734846090537176,1.0,1.0,1.0,63/421,21.95%,CCR7;LEF1;TCF7;MYC;RORC;LDLRAP1;IL6ST;AKAP6;IL23R;LAMA5;IL24;IL23A;TCL1A;FOXO1;FCER2;PTPN13;CD40;IL36A;IRF8;ABL2;SOCS6;KIT;IFNE;BCL2;IL12RB2;DHX9;MAPK8;IL4R;ZEB1;PIK3CB;TPR;SYNCRIP;CSF2RB;NR1D1;PIK3CA;RPS27A;CD47;SLC12A2;LEPR;S1PR1;IFNAR2;IL20;CDKN1B;SMPD4;IRGM;SMAD3;GRAP2;PNPT1;IL16;SOCS5;DAPK1;NFAT5;IFNLR1;ZNF675;NKX3-1;JAK1;TRAF6;SYK;PIK3CD;CBL;CCL20;TNFRSF21;TLR4,GOBP,GO_Biological_Process_2021
prerank,positive regulation of mast cell degranulation (GO:0043306),-0.20953588666590442,-0.48992923193141036,1.0,1.0,1.0,4/8,44.24%,SNX4;SYK;IL4;SPHK2,GOBP,GO_Biological_Process_2021
prerank,cellular response to interleukin-21 (GO:0098757),-0.23529064569020985,-0.4971157350620041,0.9871794871794872,1.0,1.0,5/7,53.85%,JAK1;JAK3;IL21R;STAT3;STAT4,GOBP,GO_Biological_Process_2021
prerank,positive regulation of interleukin-2 production (GO:0032743),-0.36792332245604975,-1.0776329998525125,0.3894736842105263,1.0,1.0,10/26,28.67%,CD28;MALT1;SPTBN1;TRAF6;CD80;PDE4B;CCR2;IRF4;MAP3K7;PDE4D,GOBP,GO_Biological_Process_2021
prerank,regulation of T-helper 1 type immune response (GO:0002825),-0.4907928375103189,-1.0886621525362357,0.4024390243902439,1.0,1.0,2/8,2.75%,IL23R;IL23A,GOBP,GO_Biological_Process_2021
prerank,regulation of interleukin-10 production (GO:0032653),-0.33030103729098687,-1.09020349226042,0.37755102040816324,1.0,1.0,18/46,31.48%,CD28;DLL1;IL23R;TRIB2;IL23A;CD40LG;TNFSF4;CD34;CD47;PIBF1;SYK;TNFRSF21;TLR4;HSPD1;F2RL1;IRF4;CD46;MMP8,GOBP,GO_Biological_Process_2021
prerank,axo-dendritic transport (GO:0008088),-0.5044588366582501,-1.0999157941943825,0.35802469135802467,1.0,1.0,5/6,44.22%,APBA1;HSPA8;APP;MAPT;SPG11,GOBP,GO_Biological_Process_2021
prerank,immune response-regulating cell surface receptor signaling pathway (GO:0002768),-0.4207369292433779,-1.1074042534431223,0.31521739130434784,1.0,1.0,4/13,13.47%,BTLA;CD40;KIT;CD24,GOBP,GO_Biological_Process_2021
prerank,lymphocyte differentiation (GO:0030098),-0.3253370567903732,-1.117674268145997,0.25252525252525254,1.0,1.0,20/70,21.67%,CR2;MS4A1;BLNK;RABL3;MSH2;SOX4;CD79B;PBX1;RHOH;KIT;IFNE;CD79A;CHD7;LFNG;IKZF1;LEPR;ITGA4;TPD52;PIK3CD;LMBR1L,GOBP,GO_Biological_Process_2021
prerank,positive regulation of neutrophil migration (GO:1902624),-0.3853844952890083,-1.119353386441404,0.34782608695652173,1.0,1.0,3/21,3.56%,CCR7;THBS4;DNM1L,GOBP,GO_Biological_Process_2021
prerank,positive regulation of antigen receptor-mediated signaling pathway (GO:0050857),-0.3907888563018859,-1.120065728270887,0.34065934065934067,1.0,1.0,3/20,2.66%,TESPA1;TRAT1;STAP1,GOBP,GO_Biological_Process_2021
prerank,regulation of humoral immune response (GO:0002920),-0.34101694783797964,-1.121403172973776,0.3125,1.0,1.0,4/40,1.83%,CR2;CCR7;CD19;SUSD4,GOBP,GO_Biological_Process_2021
prerank,positive regulation of neutrophil chemotaxis (GO:0090023),-0.4045493537904939,-1.1224877813184138,0.3076923076923077,1.0,1.0,3/18,3.56%,CCR7;THBS4;DNM1L,GOBP,GO_Biological_Process_2021
prerank,Interleukin-7 Signaling R-HSA-1266695,-0.2797838342878445,-0.8387604213399388,0.7065217391304348,1.0,1.0,11/21,45.79%,IL7R;IRS1;BRWD1;JAK1;SOS1;STAT5B;STAT5A;JAK3;PIK3R1;RAG1;SMARCA4,Reactome,Reactome_2022
prerank,Interleukin-6 Family Signaling R-HSA-6783589,-0.2855663262661602,-0.8437897254578974,0.7340425531914894,1.0,1.0,9/23,41.82%,IL6ST;JAK1;CBL;IL6R;CRLF1;IL31RA;PTPN11;IL6;JAK2,Reactome,Reactome_2022
prerank,Class I MHC Mediated Antigen Processing And Presentation R-HSA-983169,-0.2458174283251869,-0.9112643409115355,0.76,1.0,1.0,155/355,42.47%,LMO7;KLHL3;MRC2;SEC14L2;FBXO15;KLHL13;DZIP3;KLHL9;ASB16;SKP2;ASB14;NEDD4L;FBXL13;BLMH;TPP2;BTRC;KBTBD8;SH3RF1;KLHL42;TRIM9;KBTBD7;PSMA8;WWP1;CUL2;UBE2O;UBE3A;KCTD7;KBTBD6;TRIM69;UBE3D;FBXO21;FBXL4;KLHL20;FBXO22;LTN1;FBXW11;RPS27A;UBE4A;UFL1;TRIM63;FBXL22;RLIM;CUL5;SMURF2;CUL3;UBE2H;BTBD1;TRIM32;KLHL5;DET1;HECTD1;TRIM4;RNF6;FBXL3;HERC1;KLHL25;ANAPC5;HECTD2;ANAPC4;TLR4;TLR1;FBXL16;ATG14;RNF138;AREL1;HERC3;LONRF1;PJA1;HERC4;BTK;KLHL11;ASB9;FBXW8;RNF111;SEC24B;UBR1;KLHL41;LNPEP;FBXO32;CYBB;PIK3C3;UBE2Q2;FBXO4;SEC23A;ASB7;UBA5;CDC16;CDC27;SEC24D;UBA6;LNX1;CDC23;SEC22B;FBXO9;UBE3C;SEC24A;ITCH;HACE1;TRIP12;SEC31A;CUL7;PIK3R4;ASB8;KLHL22;KLHL2;HERC2;UBE2D4;PSMD14;LRR1;SMURF1;FBXO27;PSME4;UBE2W;FBXO11;IKBKB;RNF41;VHL;NEDD4;ANAPC10;SNAP23;RNF34;FBXO41;SAR1B;PSMD6;ZBTB16;RNF14;TRIM37;RNF182;UBA3;GLMN;UNKL;PSMA3;TIRAP;TRIM50;ANAPC1;HUWE1;PSMD12;CBLB;ASB13;CANX;PJA2;UBR4;CTSS;UBE2G1;KCTD6;UBR2;ZNRF2;PSMA1;FBXL18;FBXO31;BECN1;PSMB5;FBXW2;UBE3B;LRRC41,Reactome,Reactome_2022
prerank,"Interleukin-3, Interleukin-5 And GM-CSF Signaling R-HSA-512988",-0.2858291070918457,-0.9225325729752168,0.6326530612244898,1.0,1.0,19/43,43.78%,BLNK;PRKCA;PIK3CB;CSF2RB;PIK3CA;JAK1;SYK;CBL;IL2RA;SOS1;TEC;CRKL;PTPN11;STAT5B;IL5;JAK2;STAT5A;JAK3;PIK3R1,Reactome,Reactome_2022
prerank,Interleukin-35 Signaling R-HSA-8984722,-0.37779324990693275,-0.9406719842731442,0.5888888888888889,1.0,1.0,3/12,20.79%,IL6ST;IL12RB2;JAK1,Reactome,Reactome_2022
prerank,Interleukin-27 Signaling R-HSA-9020956,-0.39281269045203965,-0.9621360613933685,0.5955056179775281,1.0,1.0,5/11,41.82%,IL6ST;JAK1;CRLF1;CANX;JAK2,Reactome,Reactome_2022
prerank,Regulation Of Innate Immune Responses To Cytosolic DNA R-HSA-3134975,-0.38528531555252754,-0.9705197911112319,0.5222222222222223,1.0,1.0,4/14,17.24%,DTX4;RPS27A;TRIM56;TRIM32,Reactome,Reactome_2022
prerank,RUNX3 Regulates Immune Response And Cell Migration R-HSA-8949275,-0.4394912695617516,-0.9817608661781879,0.4794520547945205,1.0,1.0,2/6,16.79%,RORC;ITGA4,Reactome,Reactome_2022
prerank,regulation of cytokinesis (GO:0032465),-0.3260578823794211,-1.1302759907045363,0.23,1.0,1.0,37/75,42.23%,CXCR5;MAP9;MAP10;KLHL13;CDC14A;KLHL9;CENPV;RACGAP1;CSPP1;KIF20B;CUL3;KIF23;BIRC6;SPAST;KIF20A;ZFYVE26;MYO19;PLK4;SETD2;PIK3C3;PRKCE;RAB11FIP4;PKN2;CDC14B;PRPF40A;PIK3R4;DRD2;FLCN;SVIL;CCP110;KIF14;ECT2;RAB11FIP3;PLK3;BECN1;UVRAG;TAS2R13,GOBP,GO_Biological_Process_2021
prerank,interleukin-23-mediated signaling pathway (GO:0038155),-0.4863640456257216,-1.1407711940550953,0.25301204819277107,1.0,1.0,2/9,2.75%,IL23R;IL23A,GOBP,GO_Biological_Process_2021
prerank,regulation of interleukin-4 production (GO:0032673),-0.399511098648728,-1.1514546371824521,0.30851063829787234,1.0,1.0,4/23,9.37%,LEF1;CD28;CD40LG;TNFSF4,GOBP,GO_Biological_Process_2021
prerank,dendritic spine organization (GO:0097061),-0.4079148672863552,-1.1521400878152501,0.27956989247311825,1.0,1.0,13/27,42.84%,SHANK1;WNT7A;IGF1R;DOCK10;CTNND2;WASL;SHANK3;MTMR2;PAK3;ITGA3;TREM2;DIP2A;LGMN,GOBP,GO_Biological_Process_2021
prerank,axo-dendritic protein transport (GO:0099640),-0.5327736765805557,-1.1536886603908982,0.25,1.0,1.0,4/8,26.38%,KIF5C;KIF5B;DLG2;RAB27B,GOBP,GO_Biological_Process_2021
prerank,somatic recombination of immunoglobulin genes involved in immune response (GO:0002204),-0.4687985713603986,-1.170606064826587,0.31645569620253167,1.0,1.0,5/9,22.41%,CD40LG;MSH2;MSH6;LIG4;EXOSC3,GOBP,GO_Biological_Process_2021
prerank,negative regulation of leukocyte apoptotic process (GO:2000107),-0.4792431995811277,-1.1846696162798402,0.23529411764705882,1.0,1.0,1/10,0.08%,CCR7,GOBP,GO_Biological_Process_2021
prerank,dendritic cell migration (GO:0036336),-0.4283021508406092,-1.186145182484885,0.2247191011235955,1.0,1.0,2/18,0.27%,CCR7;CCR6,GOBP,GO_Biological_Process_2021
prerank,Interleukin-9 Signaling R-HSA-8985947,-0.26399235505158847,-0.5815223570684406,0.975,1.0,1.0,4/7,42.76%,JAK1;STAT5B;STAT5A;JAK3,Reactome,Reactome_2022
prerank,RUNX1 And FOXP3 Control Development Of Regulatory T Lymphocytes (Tregs) R-HSA-8877330,-0.25795047039793206,-0.61024845426688,0.9113924050632911,1.0,1.0,1/10,3.11%,CTLA4,Reactome,Reactome_2022
prerank,RUNX1 Regulates Transcription Of Genes Involved In Differentiation Of Myeloid Cells R-HSA-8939246,-0.2926933275074176,-0.6337284185270916,0.9069767441860465,1.0,1.0,1/7,13.04%,RUNX2,Reactome,Reactome_2022
prerank,Interleukin Receptor SHC Signaling R-HSA-912526,-0.21475190144430578,-0.6510855824230604,0.9270833333333334,1.0,1.0,6/26,23.18%,PIK3CB;CSF2RB;PIK3CA;JAK1;IL2RA;SOS1,Reactome,Reactome_2022
prerank,IL-6-type Cytokine Receptor Ligand Interactions R-HSA-6788467,-0.2515889500619344,-0.6825868872525808,0.8863636363636364,1.0,1.0,4/16,30.62%,IL6ST;JAK1;CRLF1;IL31RA,Reactome,Reactome_2022
prerank,Interleukin-21 Signaling R-HSA-9020958,-0.29321170171706357,-0.6987122133029717,0.8117647058823529,1.0,1.0,7/9,53.85%,JAK1;STAT5B;STAT5A;JAK3;IL21R;STAT3;STAT4,Reactome,Reactome_2022
prerank,"Antigen Presentation: Folding, Assembly, Peptide Loading Of Class I MHC R-HSA-983170",-0.22973968309846732,-0.7055176419641452,0.8709677419354839,1.0,1.0,12/27,41.73%,SEC14L2;ATG14;SEC24B;PIK3C3;SEC23A;SEC24D;SEC24A;SEC31A;PIK3R4;SAR1B;CANX;BECN1,Reactome,Reactome_2022
prerank,Modulation By Mtb Of Host Immune System R-HSA-9637628,-0.32112664541065616,-0.7129130993462887,0.875,1.0,1.0,1/7,14.03%,RPS27A,Reactome,Reactome_2022
prerank,Interleukin-20 Family Signaling R-HSA-8854691,-0.2472354047457023,-0.7211001613916859,0.8617021276595744,1.0,1.0,16/24,59.05%,IL24;IL20;IFNLR1;JAK1;PTPN11;STAT5B;IL26;JAK2;STAT5A;JAK3;IL22;STAT3;STAT4;TYK2;IL19;IL20RB,Reactome,Reactome_2022
prerank,Interleukin-12 Family Signaling R-HSA-447115,-0.22917606142800068,-0.7435480188474223,0.8556701030927835,1.0,1.0,6/52,8.68%,IL6ST;IL23R;IL23A;MTAP;PDCD4;IL12RB2,Reactome,Reactome_2022
prerank,Chemokine Receptors Bind Chemokines R-HSA-380108,-0.22517634288670313,-0.7471645026867213,0.8888888888888888,1.0,1.0,3/51,0.63%,CCR7;CCR6;CXCR5,Reactome,Reactome_2022
prerank,ADORA2B Mediated Anti-Inflammatory Cytokine Production R-HSA-9660821,-0.2276302305490681,-0.7786548152635311,0.94,1.0,1.0,43/95,41.94%,GNAI1;PRKCA;GPR150;VIPR1;PRKAR2B;C1QTNF1;ADORA2A;GNB5;HTR6;GNAZ;CYSLTR2;PRKACB;RXFP2;PTH2R;GNG10;CREB1;GPR176;ADCY7;GNG3;CPAMD8;HTR7;CALCRL;PRKAR1A;PRKACG;GPHA2;ADCY6;GHRH;GNG11;GNAI3;HRH2;PRKAR2A;GLP1R;GNG7;GNB4;IL6;ADCY5;CALCA;GPR20;GNG8;AVPR2;RLN3;MC2R;PTGER4,Reactome,Reactome_2022
prerank,Interleukin-17 Signaling R-HSA-448424,-0.24065113788002537,-0.8197860986366989,0.797979797979798,1.0,1.0,36/66,49.72%,KCNH8;IL17RE;RPS6KA2;BTRC;MAPK8;FBXW11;RPS27A;RPS6KA5;MEF2C;CREB1;RPS6KA3;MEF2A;MAPK9;TRAF6;MAP2K4;MAP3K7;MAP2K6;NFKB1;IKBKB;PPP2R1B;MAP3K8;MAPK14;TAB1;MAPK1;MAP2K1;UBE2V1;DUSP7;MAPK10;CUL1;IRAK2;IL17RB;CHUK;NOD2;TAB3;DUSP6;TAB2,Reactome,Reactome_2022
prerank,myeloid dendritic cell differentiation (GO:0043011),-0.48949843582030717,-1.193060921412985,0.2073170731707317,1.0,1.0,2/9,5.93%,CAMK4;TGFBR2,GOBP,GO_Biological_Process_2021
prerank,regulation of interleukin-5 production (GO:0032674),-0.4954771011044049,-1.1931576293193935,0.225,1.0,1.0,1/10,0.09%,LEF1,GOBP,GO_Biological_Process_2021
prerank,regulation of dendritic cell antigen processing and presentation (GO:0002604),-0.5112714697790631,-1.1935063538426658,0.225,1.0,1.0,1/9,0.08%,CCR7,GOBP,GO_Biological_Process_2021
prerank,Interactions between immune cells and microRNAs in tumor microenvironment WP4559,-0.28416363774131725,-0.8380614368755779,0.7659574468085106,1.0,1.0,12/28,33.65%,CTLA4;TGFBR2;TGFB3;IL4R;TLR7;TRAF6;TLR4;IL2RA;CD80;TLR8;NFKB1;IRAK4,WikiPath,WikiPathway_2021_Human
prerank,Acute myeloid leukemia,-0.26038146164941717,-0.8803446117808069,0.6938775510204082,1.0,1.0,27/66,43.78%,LEF1;TCF7;MYC;KIT;PIK3CB;PER2;PIK3CA;RPS6KB1;PPARD;SOS2;PIK3CD;SOS1;MTOR;NRAS;BRAF;NFKB1;MPO;IKBKB;ZBTB16;AKT3;STAT5B;CEBPE;STAT5A;KRAS;MAPK1;MAP2K1;PIK3R1,KEGG,KEGG_2021_Human
prerank,SARS coronavirus and innate immunity WP4912,-0.2907850968751892,-0.7868450517672373,0.7865168539325843,1.0,1.0,6/20,29.70%,TRAF3;IFNAR2;MAVS;JAK1;IKBKE;IFNAR1,WikiPath,WikiPathway_2021_Human
prerank,"Relationship between inflammation, COX-2 and EGFR WP4483",-0.26092987451995553,-0.7734366525571347,0.7717391304347826,1.0,1.0,12/24,43.32%,PIK3CB;PIK3CA;PIK3CD;ESR1;NRAS;SRC;BRAF;AKT3;PIK3CG;PTGER4;KRAS;MAPK1,WikiPath,WikiPathway_2021_Human
prerank,Interleukin-1 Induced Activation of NF-kappa-B WP3656,-0.3157700561633116,-0.771344781146282,0.8571428571428571,1.0,1.0,7/10,57.46%,AJUBA;TRAF6;NFKB1;TIFA;UBE2V1;UBE2N;IRAK1,WikiPath,WikiPathway_2021_Human
prerank,Neuroinflammation WP4919,-0.2733630476082946,-0.6780496466072217,0.8777777777777778,1.0,1.0,7/11,48.89%,MAPK8;TLR4;MTOR;ASCC1;MAPK14;CHUK;NOS2,WikiPath,WikiPathway_2021_Human
prerank,Structural Pathway of Interleukin 1 (IL-1) WP2637,-0.20437511939151795,-0.6730635859020774,0.9175257731958762,1.0,1.0,26/49,50.64%,MYC;MAP3K1;MAPK8;RPS6KA5;MAPK9;TRAF6;MAP3K14;MAP2K4;MAP3K7;ATF2;MAP2K6;NFKB1;IKBKB;IRAK4;MAP3K8;MAPK14;MBP;TAB1;MAPK1;MAP2K1;MAPK10;IRAK2;CHUK;TAB3;TAB2;IL1R1,WikiPath,WikiPathway_2021_Human
prerank,Chemokine signaling pathway WP3929,-0.1894592557715302,-0.6700823293795863,1.0,1.0,1.0,66/153,43.78%,CCR7;CCR6;CXCR5;GNAI1;SHC2;TIAM1;ADCY3;VAV2;PTK2;CXCR6;GNB5;PIK3CB;PRKACB;ITK;PIK3CA;CCR4;GNG10;WASL;TIAM2;SOS2;ADCY7;GNG3;PLCB4;DOCK2;PIK3CD;CCL20;SOS1;CCR9;NRAS;CCR3;GRK5;BRAF;CCR2;PLCB1;PRKACG;ADCY6;CXCL5;CCL28;NFKB1;GSK3B;CRKL;IKBKB;GNG11;GNAI3;AKT3;STAT5B;GNG7;PARD3;ROCK1;CCR1;GNB4;ROCK2;ADCY5;PIK3CG;PIK3R5;CCL27;GNG8;CXCR4;JAK2;ELMO1;JAK3;KRAS;MAPK1;VAV3;MAP2K1;PIK3R1,WikiPath,WikiPathway_2021_Human
prerank,Interleukin-11 Signaling Pathway WP2332,-0.20918887096908373,-0.6664098671029394,0.8877551020408163,1.0,1.0,17/42,43.78%,IL6ST;BCL2;RPS6;RUNX2;RPS6KB1;ITGA2;CREB1;JAK1;SRC;ATF1;PTPN11;IKBKB;PDPK1;JAK2;MAPK1;MAP2K1;PIK3R1,WikiPath,WikiPathway_2021_Human
prerank,Pathways of nucleic acid metabolism and innate immune sensing WP4705,-0.23032212370502025,-0.5984559386903641,0.9069767441860465,1.0,1.0,3/15,20.39%,SAMHD1;RNASEH2B;MAVS,WikiPath,WikiPathway_2021_Human
prerank,Intestinal immune network for IgA production,-0.2824931561346282,-0.9083529413574136,0.6595744680851063,1.0,1.0,11/46,24.27%,CD28;TNFRSF13C;ICOS;CD40LG;CD40;ICOSLG;TNFSF13;ITGA4;CCR9;MAP3K14;CD80,KEGG,KEGG_2021_Human
